Country,Nutrition and Basic Medical Care,Water and Sanitation,Shelter,Personal Safety,Access to Basic Knowledge,Access to Information and Communications,Health and Wellness,Environmental Quality,Personal Rights,Personal Freedom and Choice,Tolerance and Inclusion,Access to Advanced Education,Undernourishment,Depth of food deficit,Maternal mortality rate,Child mortality rate,Deaths from infectious diseases,Access to piped water,Rural access to improved water source,Access to improved sanitation facilities,Availability of affordable housing,Access to electricity,Quality of electricity supply,Household air pollution attributable deaths,Homicide rate,Level of violent crime,Perceived criminality,Political terror,Traffic deaths,Adult literacy rate,Primary school enrollment,Secondary school enrollment,Gender parity in secondary enrollment,Mobile telephone subscriptions,Internet users,Press Freedom Index,Life expectancy at 60,Premature deaths from non-communicable diseases,Suicide rate,Outdoor air pollution attributable deaths,Wastewater treatment,Biodiversity and habitat,Greenhouse gas emissions,Political rights,Freedom of expression,Freedom of assembly,Private property rights,Freedom over life choices,Freedom of religion,Early marriage,Satisfied demand for contraception,Corruption,Tolerance for immigrants,Tolerance for homosexuals,Discrimination and violence against minorities,Religious tolerance,Community safety net,Years of tertiary schooling,Women's average years in school,Inequality in the attainment of education,Globally ranked universities,Percentage of tertiary students enrolled in globally ranked universities,Depth of food deficit - capped,Adult literacy rate - capped,Secondary school enrollment - capped,Gender parity in secondary enrollment - difference from parity,Mobile telephone subscriptions - capped,Greenhouse gas emissions - capped,Globally ranked universities - bucketed,Percentage of tertiary students enrolled in globally ranked universities - bucketed,Income group
Afghanistan,72.74,29.33,22.92,45.63,53.37,47.61,29.37,21.64,37.4,38.97,22.25,6.73,26.8,173,396.14,91.1,183.61,12.17,46.98,31.85,0.41,43,2.444782609,251.92,6.6,5,5,4.5,15.5,38.17,85.13,55.64,0.56,61.58,8.26,37.75,15.98,1442.5,10.21,232.48,0,21.25,544.79,10,6,0.6,23.38709677,0.45,2,0.17,44.9,15,0.41,0.08,8.6,1,0.55,0.28,0.98,0.45,0,0,173,38.17,55.64,0.44,61.58,544.79,0,0,Low income
Albania,98.17,90.69,80.45,72.82,95.99,78.81,74.99,63.62,60.53,54.87,48.6,32.16,5,8,28.6,14,17.16,81.97,95.23,93.23,0.69,100,4.45,21.76,4,3,3,2,15.1,97.55,98.96,95.77,0.94,106.38,63.25,29.92,21.58,340.6,5.26,42.89,5.14,54.12,257.69,28,13,0.56,35,0.72,4,0.07,26.9,39,0.53,0.11,4.7,4,0.62,0.07,12.26,0.12,0,0,8,97.55,95.77,0.06,100,257.69,0,0,Upper middle income
Algeria,95.01,81.23,70.58,65.77,93.31,67.65,77.81,69.59,36.21,60.11,38.58,29,5,20,139.62,25.5,45.23,77.01,81.8,87.6,0.17,100,4.04,0.37,1.5,2,4,3,23.8,79.61,98.82,99.86,1.04,106.38,38.2,41.69,21.83,307.4,2.75,46.33,45.09,61.62,380.96,11,7,0.588857143,25,0.56,2,0.02,74.9,34,0.49,0.21,7.9,2,0.74,0.46,7.74,0.162926829,1,0.03,20,79.61,99.86,0.04,100,380.96,1,1,Upper middle income
American Samoa,94.30555556,85.77,74.66829268,64.90926829,91.84930233,69.16829787,65.31884615,63.09666667,53.034,60.9365,49.3155,41.95813953,7.922222222,45.17777778,68.1994,20.63773585,56.84,92.31,100,62.46,0.441219512,59.33,4.323421053,7.63,9.451851852,3.05952381,3.476190476,2.80952381,17.95882353,94.1487234,94.47297872,90.56428571,1.036938776,111.5762963,48.57055556,38.39583333,19.76388889,451.4403846,6.67,6.05,40.98,71.5248,583.6268627,22.49090909,10.47272727,0.588857143,34.3,0.7255,3,0.106,64.16078431,38.75510204,0.54195122,0.241081081,6.579166667,3.185185185,0.82195122,0.491081081,11.14692308,0.162926829,0,0,45.35555556,94.02212766,88.7244898,0.065102041,90.70759259,533.1368627,0,0,Upper middle income
Andorra,98.78702128,100,85.8374,84.57826087,96.47425926,87.42,86.21,81.07979592,79.074,76.98408163,66.55276596,65.348125,5,8,14.13192308,2.8,19.81,100,100,100,0.5088,100,6.023333333,0,0,1.670212766,2.553191489,1.489361702,7.6,97.36388889,96.93701754,106.1520968,1.007868852,88.12,96.91,19.87,25.27,154,6.96,12.53,77.37,85.33777778,390.9864815,39,15,0.785789474,69.81818182,0.805294118,4,0.034081633,75.61730769,64.65454545,0.651,0.574888889,4.598113208,4,0.8948,0.883846154,15.13,0.066976744,0,0,8,97.19527778,96.92709677,0.047868852,88.12,390.9864815,0,0,High income
Angola,69.33,27.63,28.49,52.04,60.59,47.64,46.1,40.7,28.28,27.26,46.7,13.96,14.2,90,476.98,156.9,423.44,14.84,28.17,51.59,0.19,37,1.71,173.25,9.8,3,5,3.5,26.9,71.16,87.86,28.9,0.65,60.84,12.4,39.89,15.75,741.1,16.99,109.31,0,53.54,995.89,10,5,0.574285714,15,0.34,3,0.36,31.6,18,0.56,0.13,7.7,4,0.75,0.339375,5.31,0.35,0,0,90,71.16,28.9,0.35,60.84,995.89,0,0,Lower middle income
Antigua and Barbuda,98.78702128,92.35,85.8374,84.57826087,95.21,82.8,76.76,81.07979592,79.074,76.98408163,66.55276596,65.348125,5.125454545,11.43636364,14.13192308,8.1,57.04,85.69,97.87,91.43,0.5088,90.88,6.023333333,2.53,11.2,1.670212766,2.553191489,1.489361702,6.7,98.95,91.31,102.71,1.02,137.22,65.2,20.81,21.7,346.2,2.15,28.27,64.73425926,77.19,620.04,33,15,0.65,69.81818182,0.805294118,4,0.034081633,78,64.65454545,0.651,0.574888889,3.9,4,0.8948,0.883846154,14.47,0.066976744,0,0,11.61818182,98.95,100,0.02,100,620.04,0,0,High income
Argentina,97.34,98.32,67.25,63.92,97.23,82.29,70.57,67.54,67.51,67.52,72.42,58.88,5,2,52.39,12.5,72.74,98.24,99.95,96.36,0.3,99.8,2.7,1.62,7.6,3,4,3,13.6,98.09,99.8,106.78,1.07,146.7,69.4,25.09,21.47,365.9,11.48,34.29,7.67,69.72,390.9864815,33,14,0.78,15,0.82,3,0.13,83.8,36,0.74,0.61,4.7,4,0.87,0.3,13,0.08,20,0.23,8,98.09,100,0.07,100,390.9864815,6,4,High income
Armenia,96.85,96.42,77.71,72.32,95.69,77.91,66.12,66.26,43.06,49.32,39.84,46.58,5.8,41,25.33,14.1,19.51,99.33,100,89.5,0.38,100,4.78,4.5,2,2,3,3,18.3,99.77,96.42,88.5,1.01,115.89,58.25,28.79,19.61,481.9,7.28,62.05,11.49,87.43,393.71,16,9,0.588857143,20,0.55,2,0.08,42.7,33,0.53,0.02,5.6,2,0.69,0.88,13.1,0.04,0,0,41,99,88.5,0.01,100,393.71,0,0,Upper middle income
Aruba,98.78702128,96.61,85.8374,84.57826087,98.99,85.59214286,76.20092593,81.07979592,79.074,76.98408163,66.55276596,65.348125,5.125454545,11.43636364,14.13192308,6.320689655,32.42934426,93.58,98.09,97.66,0.5088,90.88,6.023333333,1.558852459,3.9,1.670212766,2.553191489,1.489361702,8.170344828,97.52,99.94,111.17,1.02,135.72,88.66,23.46236364,22.82844828,281.2,11.40114754,28.9457377,64.73425926,85.33777778,390.9864815,33.28333333,13.82258065,0.785789474,69.81818182,0.805294118,3.387096774,0.034081633,75.61730769,64.65454545,0.651,0.574888889,4.598113208,3.419354839,0.8948,0.883846154,13.71163636,0.066976744,0,0,11.61818182,97.52,100,0.02,100,390.9864815,0,0,High income
Australia,99.43,100,87.1,91.23,97.99,89.09,83.4,84.82,93.41,87.19,77.19,80.8,5,8,5.95,3.8,12.81,93.96650794,100,100,0.49,100,6.36,0,1,1,2,1.5,5.4,97.36388889,99.92,137.56,0.95,132.8,84.56,17.84,25.47,199,10.24,8.92,95,87.18,670.74,40,16,0.87,90,0.92,4,0.01,82.3,79,0.84,0.73,4.1,3,0.94,1.05,14.54,0.02,61,0.57,8,97.19527778,100,0.05,100,670.74,9,5,High income
Austria,99.53,100,90.15,93.22,98,90.7,78.77,90.78,93.93,84.41,73.76,62.47,5,8,3.8,3.5,8.89,100,100,100,0.58,100,6.61,0,0.5,1,2,1,5.4,97.36388889,96.93701754,100.02,0.95,157.41,83.93,13.18,24.15,232.6,12.52,22.91,94.31,93.33,211.83,37,16,0.93,90,0.88,3,0,83.1,75,0.74,0.68,4,3,0.93,0.56,13.29,0.03,13,0.29,8,97.19527778,100,0.05,100,211.83,5,4,High income
Azerbaijan,96.18,76.97,82.4,75.1,98.42,71.83,65.66,59.42,18.4,48.17,39.9,51.53,5,12,25.07,31.7,41.82,66.19,77.75,89.35,0.61,100,5.11,17.06,2.5,2,3,3,10,99.81,98.84,90.56428571,1.036938776,111.28,77,57.89,18.72,503.2,4.11,81.23,9.73,75.83,469.46,4,2,0.588857143,20,0.65,1,0.08,34.1,30,0.53,0.03,6.7,2,0.76,0.491081081,13.16,0.08,3,0.12,12,99,88.7244898,0.065102041,100,469.46,2,3,Upper middle income
"Bahamas, The",98.78702128,95.31,85.8374,84.57826087,96.47425926,85.59214286,75.33,81.07979592,81.33,76.98408163,66.55276596,65.348125,5.125454545,11.43636364,80.01,12.1,73.83,95.06,98.35,92.01,0.5088,100,6.023333333,1.2,29.8,1.670212766,2.553191489,1.489361702,13.8,97.36388889,97.81,92.63,1.05,80.29,78,23.46236364,22.54,422.3,3.35,29.56,64.73425926,74.59,488.57,38,15,0.71,70,0.805294118,3,0.034081633,81.9,66,0.651,0.574888889,4.1,4,0.8948,0.883846154,13.64,0.08,0,0,11.61818182,97.19527778,92.63,0.05,80.29,488.57,0,0,High income
Bahrain,98.78702128,99.74,87.45,71.6,96.97,77.38,73.08,69.69,27.24,66.93,51.94,50.91,5.125454545,11.43636364,15.18,6.2,26.46,100,100,99.2,0.58,97.7,6.16,0.24,0.5,2,4,3,8,95.72,96.93701754,99.38,1.04,185.26,93.48,54.86,19.66,269.7,6.29,46.2,72.68,56.54,619.51,2,2,0.785789474,60,0.88,2,0.04,58.1,43,0.75,0.574888889,7.9,3,0.86,0.33,10.53,0.066976744,2,0.61,11.61818182,95.72,99.38,0.04,100,619.51,2,6,High income
Bangladesh,86.34,57.26,55.94,70.05,77.14,53.3,62.69,48.52,37.53,49.98,41.59,17.78,16.4,116,176.14,37.6,95.13,11.78,87.03,60.56,0.78,59.6,3.21,133.32,2.8,2,3,4,13.6,61.49,96.26,63.52,1.13,81.9,14.4,45.94,18.97,515.1,9.62,133.18,0,63.77,376.07,20,7,0.37,20,0.82,3,0.46,74.1,26,0.72,0.36,8.9,2,0.65,0.16,5.09,0.39,1,0.01,116,61.49,63.52,0.13,81.9,376.07,1,1,Lower middle income
Barbados,97.3,98.23,83.88,84.57826087,94.92,83,71.08,57.37,89.73,76.98408163,66.55276596,33.86,5,21,27.16,13,62.92,98.42,99.74,96.21,0.5088,90.88,6.04,0.14,8.8,1.670212766,2.553191489,1.489361702,6.7,97.36388889,91.95,109.25,1.03,116.46,76.11,23.46236364,19.76,374,4.63,26.62,64.73425926,26.5,773.05,40,16,0.82,80,0.805294118,4,0.034081633,75,61,0.651,0.574888889,4.1,4,0.8948,0.15,11.15,0.06,0,0,21,97.19527778,100,0.03,100,773.05,0,0,High income
Belarus,99.29,95.42,78.74,75.36,99.5,69.25,45.11,55.61,23.49,61.58,48,62.29,5,8,4.26,4.6,19.6,91.48,99.06,94.32,0.35,100,4.323421053,1.79,3.6,2,3,2.5,13.7,99.72,99.95,107.12,0.99,123.64,62.23,54.32,18.82,684.3,31.71,81.8,7.18,73.06,646.02,5,3,0.36,20,0.6,2,0.04,72.4,40,0.39,0.09,7.1,4,0.89,0.491081081,14.86,0.04,3,0.11,8,99,100,0.01,100,646.02,2,3,Upper middle income
Belgium,99.19,99.83,90.18,83.87,95.03,90.62,75.67,90.03,89.44,84.79,75.17,71.94,5,8,6.97,4.1,28.91,100,100,99.48,0.68,100,6.21,0,1.8,2,3,1,6.7,97.36388889,99.83,164.81,1.13,115.69,85.05,14.18,24.06,252.2,16.77,24.76,89.78,100,277.78,40,15,0.86,80,0.86,3,0.01,86,77,0.71,0.85,4.4,3,0.93,1.17,14.51,0.08,16,0.38,8,97.19527778,100,0.13,100,277.78,6,4,High income
Belize,95.39,91.69,73.01,64.90926829,90.43,62.81,62.08,51.32,68.35,60.9365,55.83,28.77,6.2,40,27.7,16.5,113.47,80.61,100,90.54,0.39,100,4.323421053,21.08,34.4,3.05952381,3.476190476,2.80952381,24.4,82.78,98.16,80.79,1.02,60.97,41.59,20.61,17.07,463.1,7.39,53.41,2.28,99.03,3574.4,36,15,0.58,35,0.86,4,0.106,70.1,38.75510204,0.49,0.22,4.1,4,0.75,0.2,9.78,0.16,0,0,40,82.78,80.79,0.02,60.97,1500,0,0,Upper middle income
Benin,78.9,38.7,30.52,63.02,63.85,59.05,52.81,52.88,71.33,48.78,52.88,7.53,7.5,48,404.94,99.5,414.44,17.72,72.15,19.72,0.36,38.4,1.69,188.36,6.3,3,4,2,27.7,38.45,96.2,56.81,0.7,85.64,6.79,28.97,15.66,563.2,14.14,96.11,0.01,77.29,650.83,33,15,0.593333333,30,0.74,4,0.22,25.3,36,0.78,0.1,3.6,4,0.49,0.15,2.73,0.45,0,0,48,38.45,56.81,0.3,85.64,650.83,0,0,Low income
Bermuda,98.78702128,96.4240625,85.8374,84.57826087,96.47425926,85.59214286,76.20092593,81.07979592,79.074,76.98408163,66.55276596,65.348125,5,8,14.13192308,6.320689655,40.18,93.96650794,97.95269841,96.83621212,0.5088,100,6.023333333,1.91,4.8,1.670212766,2.553191489,1.489361702,8.170344828,97.36388889,83.48,71.54,1.12,57.95,98.32,23.46236364,22.82844828,281.2,4.81,19.37,0.25,85.33777778,390.9864815,33.28333333,13.82258065,0.785789474,69.81818182,0.805294118,3.387096774,0.034081633,75.61730769,64.65454545,0.651,0.574888889,4.598113208,3.419354839,0.8948,0.883846154,13.71163636,0.066976744,0,0,8,97.19527778,71.54,0.12,57.95,390.9864815,0,0,High income
Bhutan,84.93428571,72.64,80.42,89.21,80.61,67.67,72.07,66.15,61.46,73.23,48.38,6.85,13.66428571,94.23809524,147.89,32.9,123.24,58.19,100,50.4,0.86,75.56,5.76,54.79,2.7,1,2,1,15.1,63.91,88.98,84.2,1.07,87.03,39.8,30.73,20.49,337.2,7.18,83.37,0,96.34,168.22,28,9,0.574285714,60,0.81,2,0.14,83.1,65,0.6,0.16,7.6,3,0.84,0.339375,3.23,0.45,0,0,94.35714286,63.91,84.2,0.07,87.03,168.22,0,0,Lower middle income
Bolivia,86.16,68.29,75.52,67.71,91.22,70.51,70.96,60.73,57.11,60.94,60.45,33.52,15.9,104,206.21,38.4,117.99,84.41,75.59,50.33,0.47,90.5,5,29.4,12.4,3,3,2,23.2,95.14,90.15,86.41,0.98,92.18,45.1,31.78,21.35,319.4,12.89,54.38,3.51,90.06,776.16,29,14,0.56,10,0.87,4,0.15,52.8,33,0.68,0.4,6.2,4,0.79,0.82,9.86,0.25,0,0,104,95.14,86.41,0.02,92.18,776.16,0,0,Lower middle income
Bosnia and Herzegovina,99.25,94.85,75.08,76.43,91.84930233,76.38,73.4,50.22,52.93,47.66,43.42,35.96,5,8,11.25,5.4,10.39,87.21,100,94.78,0.49,100,4.59,42.1,1.3,2,3,2,17.7,98.49,94.47297872,90.56428571,1.036938776,90.15,65.07,28.45,20.6,337,5.14,48.5,0,36.62,784.35,21,10,0.68,20,0.59,4,0.17,27.9,39,0.48,0.07,7,3,0.79,0.491081081,11.3,0.13,0,0,8,98.49,88.7244898,0.065102041,90.15,784.35,0,0,Upper middle income
Botswana,75.6,77.62,53.89,75.37,87.89,71.95,43.32,63.99,69.06,76.44,57.49,20.68,24.1,177,128.95,43.6,638.95,74.39,92.27,63.43,0.52,53.24,3.3,93.16,14.8,3,2,1,23.6,88.22,92.02,81.37,1.06,169,27.5,22.91,17.22,733.9,27.11,66.74,0.95,93.75,456.98,28,12,0.63,70,0.84,4,0.05,74.9,60,0.66,0.2,5.1,4,0.76,0.15,8.71,0.32,0,0,177,88.22,81.37,0.06,100,456.98,0,0,Upper middle income
Brazil,97.07,86.62,73.9,48.38,94.11,76.67,73.57,73.87,71.64,73.23,68.34,50.21,5,10,43.67,16.4,69.62,93.7,86.96,82.78,0.38,99.5,4.1,10.36,24.6,4,4,4,23.4,92.59,96.67,101.95,1.08,126.59,59.08,32.62,21.67,369.2,6.56,30.95,17.56,92.62,355.86,31,15,0.69,45,0.8,4,0.04,86.8,40,0.7,0.7,5.7,3,0.91,0.38,9.6,0.24,34,0.11,10,92.59,100,0.08,100,355.86,8,3,Upper middle income
British Virgin Islands,98.78702128,90.08,85.8374,84.57826087,96.47425926,85.59214286,76.20092593,81.07979592,79.074,76.98408163,66.55276596,65.348125,5.125454545,11.43636364,14.13192308,6.320689655,32.42934426,75.3,94.85,97.5,0.5088,95.8484,6.023333333,1.558852459,8.4,1.670212766,2.553191489,1.489361702,8.170344828,97.36388889,96.93701754,98.73,1.007868852,145.83,37.6,23.46236364,22.82844828,281.2,11.40114754,28.9457377,6,85.33777778,390.9864815,33.28333333,13.82258065,0.785789474,69.81818182,0.805294118,3.387096774,0.034081633,75.61730769,64.65454545,0.651,0.574888889,4.598113208,3.419354839,0.8948,0.883846154,13.71163636,0.066976744,0,0,11.61818182,97.19527778,98.73,0.047868852,100,390.9864815,0,0,High income
Brunei Darussalam,98.14,96.4240625,85.8374,84.57826087,98.27,71.82,74.38,81.07979592,79.074,76.98408163,66.55276596,65.348125,5,12,22.61,10.2,43.39,93.96650794,97.95269841,96.83621212,0.5088,76.16,5.29,0,0.5,1.670212766,2.553191489,1.489361702,6.8,96.66,99.51,96.08,1,108.13,71.2,53.85,21.31,362.1,4.33,11,64.73425926,86.74,678.51,7,6,0.785789474,30,0.805294118,2,0.034081633,75.61730769,58,0.651,0.574888889,5.9,3,0.8948,0.36,14.54,0.066976744,0,0,12,96.66,96.08,0,100,678.51,0,0,High income
Bulgaria,98.7,94.74,83.42,75.86,96.27,75.33,62.82,71.76,68.17,58.77,49.34,57.81,5,8,10.85,10.4,18.71,99.08,98.98,85.98,0.74,100,4.62,10.47,1.6,3,3,2,8.3,98.39,95.14,99.02,0.97,129.27,56.66,34.46,19.55,521.4,10.93,69.71,60.81,88.98,531.55,33,14,0.7,30,0.66,2,0.09,61,41,0.26,0.22,5.3,3,0.92,0.85,13.62,0.06,2,0.15,8,98.39,99.02,0.03,100,531.55,2,3,Upper middle income
Burkina Faso,71.48,37.8,28.49,60.98,54.85,60.92,55.59,54.07,63.04,47.43,55.64,6.65,20.7,167,370.62,88.6,500.99,7.99,75.83,19.73,0.41,13.1,1.69,158.67,0.7,4,3,3,30,37.75,69.76,33.67,0.92,80.64,11.39,22.66,15.39,484.2,12.51,86.23,0,88.05,814.89,23,14,0.7,30,0.62,4,0.32,42.2,42,0.78,0.09,4.7,3,0.76,0.089090909,1.86,0.39,0,0,167,37.75,33.67,0.08,80.64,814.89,0,0,Low income
Burundi,70.50777778,45.69,25.18,60.29,79.55,35.07,55.55,54.29,28.49,45.25,34.41,11.24,24.64074074,185.5555556,711.6,81.7,474.05,6.99,73.77,48.01,0.3,6.5,2.12,174.19,4,3.5,4,3,21.3,85.5,94.68,42.48,0.91,46.22,4.87,54.1,16.52,543.1,13.05,95.24,0,64.71,404.14,5,6,0.593333333,20,0.43,3,0.1,52.8,20,0.58,0.03,8.1,3,0.56,0.04,4.23,0.37,0,0,185.5555556,85.5,42.48,0.09,46.22,404.14,0,0,Low income
Cabo Verde,92.51,74.08,59.78,63.07775,90.33,77.26,61.87,59.3,85.54,56.89425,43.62184211,20.61,9.4,68,42.35,24.5,122.6,59.44,87.29,72.22,0.506756757,70.56,3.31,58.51,10.6,3.182926829,3.414634146,3.036585366,26.1,88.47,97.28,92.9,1.12,118.58,43.02,19.82,18.86,378.1,18.07,64.97,3.548205128,37.03,204.55,37,15,0.574285714,75,0.721794872,4,0.158717949,76.5,59,0.528461538,0.161621622,4.1,4,0.75974359,0.339375,6.14,0.18,0,0,68,88.47,92.9,0.12,100,204.55,0,0,Lower middle income
Cambodia,87.73,45.64,52.16,60.36,73.56,62.91,56.57,57.76,37.61,61.83,41.19,17.13,14.2,97,160.54,28.7,169.27,21.43,69.14,42.43,0.78,31.1,3.32,109.19,1.8,4,4,3,17.4,78.35,88.86,45.05,0.85,133,19,40.7,17.31,532,14.36,81.74,0,88.15,623.15,11,8,0.43,25,0.95,3,0.11,58.8,21,0.17,0.27,7.1,4,0.75,0.1,5.69,0.28,0,0,97,78.35,45.05,0.15,100,623.15,0,0,Lower middle income
Cameroon,74.93,37.77,39.5,54.68,78.44,53.49,54.45,36.99,38.25,46.47,41.72,17.22,9.9,63,596.44,87.9,534.11,16.75,52.71,45.8,0.36,53.7,2.13,154.55,2.7,4,4,3.5,27.6,74.99,95.55,58.08,0.86,71.85,20.68,40.53,16.48,543.4,14.89,123.08,0,77.33,1404.66,9,7,0.53,25,0.69,4,0.26,38.7,26,0.63,0.05,8.5,4,0.66,0.12,7.17,0.35,0,0,63,74.99,58.08,0.14,71.85,1404.66,0,0,Lower middle income
Canada,99.26,99.42,88.12,92.74,99.68,85.11,81.6,80.17,94.32,88.47,81.87,87.34,5,8,7,4.9,17.42,93.96650794,99,99.82,0.5,100,6.54,0,1.5,1,2,1,6,97.36388889,99.46,109.93,1,82.98,88.47,15.26,25.03,223.8,10.74,11.85,69.81,74.5,494.63,40,16,0.89,90,0.91,4,0.03,88.3,82,0.88,0.87,3.6,3,0.92,1.64,15.65,0.04,45,0.23987013,8,97.19527778,100,0,82.98,494.63,8,5,High income
Cayman Islands,98.78702128,96.4240625,85.8374,84.57826087,96.47425926,85.59214286,76.20092593,81.07979592,79.074,76.98408163,66.55276596,65.348125,5.125454545,11.43636364,14.13192308,6.320689655,32.42934426,91.1,97.95269841,95.55,0.5088,90.88,6.023333333,1.558852459,14.7,1.670212766,2.553191489,1.489361702,8.170344828,98.87,96.93701754,106.1520968,1.007868852,155.49,77,23.46236364,22.82844828,281.2,11.40114754,28.9457377,64.73425926,85.33777778,390.9864815,33.28333333,13.82258065,0.785789474,69.81818182,0.805294118,3.387096774,0.034081633,75.61730769,64.65454545,0.651,0.574888889,4.598113208,3.419354839,0.8948,0.883846154,13.71163636,0.066976744,0,0,11.61818182,98.87,96.92709677,0.047868852,100,390.9864815,0,0,High income
Central African Republic,41.62,26.67,6.96,36.05,37.03,35.61,37.16,31.83,20.55,35.9,18.75,12.39,47.7,380,882.07,130.1,897.23,1.61,54.35,21.79,0.21,10.8,2.444782609,296.5,13.2,5,5,5,32.4,36.75,70.84,17.38,0.51,25.87,4.56,33.6,16.06,966.5,21.97,163.49,0,90.87,11031.69,4,4,0.593333333,10,0.6,4,0.42,37.8,20,0.58,0.05,9.3,2,0.29,0.06,4.27,0.35,0,0,380,36.75,17.38,0.49,25.87,1500,0,0,Low income
Chad,52.61,20.34,22.68,51.26,40.63,37.5,56.3,44.07,27.81,27.83,42.08,5.15,34.4,261,856.25,138.7,595.06,6.42,44.75,12.08,0.36,6.4,1.85,197.9,9.2,4,5,3,24.1,40.02,79.12,22.4,0.46,40.17,2.7,40.59,15.82,517.6,10.82,109.98,0,80.62,1122.71,4,6,0.593333333,20,0.51,4,0.45,19.4,20,0.69,0.07,8.5,4,0.61,0.089090909,1.63,0.42,0,0,261,40.02,22.4,0.54,40.17,1122.71,0,0,Low income
Channel Islands,98.78702128,96.4240625,85.8374,84.57826087,96.47425926,85.59214286,76.20092593,81.07979592,79.074,76.98408163,66.55276596,65.348125,5.125454545,11.43636364,14.13192308,6.320689655,32.42934426,93.96650794,97.95269841,96.83621212,0.5088,100,6.023333333,1.558852459,4.643835616,1.670212766,2.553191489,1.489361702,8.170344828,97.36388889,96.93701754,106.1520968,1.007868852,132.106338,78.7539726,23.46236364,22.82844828,281.2,11.40114754,28.9457377,64.73425926,85.33777778,390.9864815,33.28333333,13.82258065,0.785789474,69.81818182,0.805294118,3.387096774,0.034081633,75.61730769,64.65454545,0.651,0.574888889,4.598113208,3.419354839,0.8948,0.883846154,13.71163636,0.066976744,0,0,11.61818182,97.19527778,96.92709677,0.047868852,98.23126761,390.9864815,0,0,High income
Chile,98.14,96.27,82.4,77.67,97.64,83.16,79.37,83.65,89.66,73.54,72.76,56.19,5,20,22.11,8.1,38.01,99,93.28,99.05,0.37,99.6,5.9,1.91,3.6,2,3,2,12.4,96.63,97.21,100.65,1.01,129.47,64.29,19.23,24.42,242.9,11.76,28.15,84.5,75.15,274,37,16,0.83,85,0.64,4,0.06,81.2,66,0.7,0.62,3.8,4,0.84,0.54,13.29,0.13,14,0.18,20,96.63,100,0.01,100,274,5,3,High income
China,94.94,81.8,79.15,64.01,95.48,53.18,68.03,58,15.21,71.09,37.76,46.05,9.3,74,26.69,10.7,26.14,73.07,92.97,76.47,0.56,100,5.25,44.69,0.8,2,4,4,18.8,96.36,94.47297872,94.3,1.03,92.18,50.3,80.96,19.73,392.6,9.04,84.29,27.93,77.45,755.44,1,3,0.18,20,0.76,1,0.02,94.5,40,0.4,0.14,8.1,3,0.73,0.18,9.82,0.162926829,96,0.05,74,96.36,94.3,0.03,92.18,755.44,9,1,Upper middle income
Colombia,94.42,78.34,77.95,51.66,93.62,71.45,78.05,73.11,65.62,67.03,58.03,51.35,8.8,62,64.33,15.9,36.57,87.85,73.82,81.1,0.47,97,4.81,12.9,27.9,4,4,3.5,16.8,94.58,94.99,98.09,1.07,115.74,55.9,44.11,21.72,228.5,6.19,31.71,12.24,87.99,277.54,29,12,0.65,50,0.82,4,0.17,82.8,37,0.66,0.44,7,3,0.88,0.9,10.81,0.21,12,0.1,62,94.58,98.09,0.07,100,277.54,5,2,Upper middle income
Comoros,70.50777778,57.37,50.92,59.12967742,77.65,50.24,59.63,68.2,53.42,40.27,50.22,12.7,24.64074074,185.5555556,335.23,73.5,282.48,38.03,89.14,35.82,0.4,69.3,2.444782609,122.22,7.8,3.484848485,3.727272727,3.318181818,21.8,78.14,85.13,60.35,1.07,55.16,7.46,24.33,16.31,449,10.08,47.15,0.187666667,68.38,397.93,24,10,0.593333333,30,0.53,3,0.26516129,34,24,0.65,0.08,5,3,0.72,0.089090909,6.03,0.48,0,0,185.5555556,78.14,60.35,0.07,55.16,397.93,0,0,Low income
"Congo, Dem. Rep.",70.50777778,19.75,24.16,40.71,64.02,38.36,57.48,49.01,29.96,38.82,48.96,17.39,24.64074074,185.5555556,693.35,98.3,500.09,7.86,31.21,28.65,0.37,16.4,1.63,198.53,12.5,5,4,5,33.2,77.22,81.43034483,43.51,0.62,52.99,3.8,50.97,16.81,529.7,11.25,109.87,0,76.14,744.92,4,8,0.593333333,10,0.63,4,0.25,19,21,0.71,0.1,9.7,4,0.86,0.04,6.26,0.28,0,0,185.5555556,77.22,43.51,0.38,52.99,744.92,0,0,Low income
"Congo, Rep.",71.06,24.06,34.19,52.99,77.95,61.72,53.98,56.98,28.29,48.44,45.66,23.57,30.5,206,442,45,443.37,24.77,40.04,15.01,0.33,41.6,3.682,169.56,10.5,4,4,3.5,26.4,79.31,92.85,54.54,0.87,111.66,7.62,35.84,17.91,676.6,13.21,123.26,0.18,93.26,314.38,5,7,0.574285714,10,0.76,4,0.2,36.2,20,0.67,0.07,6.9,4,0.61,0.06,8.85,0.22,0,0,206,79.31,54.54,0.13,100,314.38,0,0,Lower middle income
Costa Rica,97.65,93.75,84.18,75.41,97.1,85.04,82.51,74.61,83.06,77.2,69.86,52.02,5,35,25.15,9.7,22.25,97.49,91.89,94.52,0.52,99.5,5.64,2.6,10,2,3,2,13.9,97.65,97.62,123.09,1.04,150.66,59.76,11.1,24.16,200.5,7.56,23.96,3.89,90.52,198.92,38,16,0.85,50,0.86,4,0.13,89.9,58,0.67,0.49,4.4,4,0.9,0.77,10.92,0.16,3,0.22,35,97.65,100,0.04,100,198.92,2,4,Upper middle income
Croatia,99.37,98.77,85.82,83.26,97.83,81.32,69.73,80.13,73.88,64.95,45.36,56.05,5,8,8.48,4.3,11.29,99.64,99.66,96.98,0.6,100,5.77,9.26,0.8,2,3,1,9.2,99.27,98.73,99,1.04,103.77,69.8,27.91,21.45,355.1,13.52,43.2,50.23,98.96,272.5,37,14,0.78,35,0.64,4,0.02,59.3,49,0.34,0.3,6,3,0.75,0.72,12.57,0.04,1,0.41,8,99,99,0.04,100,272.5,1,4,High income
Cuba,98.44,86.95,74.66829268,79.17,94.76,31.74,72.77,70.27,20.86,50.22,49.3155,46.8,5,7,39.16,5.5,47.47,77.66,89.8,93.16,0.441219512,100,4.323421053,4.12,4.7,1,3,3,7.5,99.71,92.25,100.4,1.05,29.65,37.31,70.23,22.83,338.5,13.4,39.39,8.28,78.51,214.66,1,5,0.588857143,10,0.7255,2,0.23,87.6,47,0.54195122,0.241081081,4.2,4,0.82195122,0.76,13.19,0.11,1,0.05,8,99,100,0.05,29.65,214.66,1,1,Upper middle income
Curaçao,98.78702128,96.4240625,85.8374,84.57826087,96.47425926,85.59214286,76.20092593,81.07979592,79.074,76.98408163,66.55276596,65.348125,5.125454545,11.43636364,14.13192308,6.320689655,32.42934426,93.96650794,97.95269841,96.83621212,0.5088,90.88,6.023333333,1.558852459,4.643835616,1.670212766,2.553191489,1.489361702,8.170344828,97.36388889,96.93701754,88.35,1.05,132.106338,78.7539726,23.46236364,22.82844828,281.2,11.40114754,28.9457377,64.73425926,85.33777778,390.9864815,33.28333333,13.82258065,0.785789474,69.81818182,0.805294118,3.387096774,0.034081633,75.61730769,64.65454545,0.651,0.574888889,4.598113208,3.419354839,0.8948,0.883846154,13.71163636,0.066976744,0,0,11.61818182,97.19527778,88.35,0.05,98.23126761,390.9864815,0,0,High income
Cyprus,99.51,100,81.85,81.15,99.05,83.88,81.28,73.02,84.95,71.04,52.96,65.12,5,8,6.93,2.7,13.43,100,100,100,0.46,100,5.27,0,0.1,2,3,2,5.2,99.06,98.6,99.78,0.99,95.4,71.72,18.26,22.46,220.8,3.18,21.42,14.9,78.23,291.93,38,15,0.785789474,70,0.73,3,0.02,75.61730769,55,0.61,0.35,6.5,3,0.78,1.32,14.64,0.13,2,0.27,8,99,99.78,0.01,95.4,291.93,2,4,High income
Czech Republic,99.39,99.71,89.98,92.92,98.79,88.67,72.24,80.3,86.91,76.5,57.86,67.33,5,8,4.42,3.4,20.66,100,100,99.11,0.64,100,6.39,1.81,0.7,1,2,1,6.1,97.36388889,96.93701754,105.13,1,123.16,81.3,16.66,21.95,329.1,12.01,42.35,63.01,100,426.99,38,15,0.85,75,0.8,3,0,82.8,55,0.36,0.49,5,3,0.92,0.54,14.47,0.01,13,0.57,8,97.19527778,100,0,100,426.99,5,5,High income
Côte d'Ivoire,71.68,44.75,45.92,55.38,55.27,67.45,49.53,60.1,53.93,49.71,44.8,9.35,13.3,93,644.99,92.6,553.35,42.53,68.79,22.49,0.44,55.8,3.58,174.09,11.4,4,4,3,24.2,43.27,79.25,43.87,0.72,119.31,21,30.17,14.41,547.3,16.88,81.07,0.55,90.88,519.87,20,11,0.61,30,0.75,4,0.25,34.8,34,0.76,0.09,8.3,4,0.61,0.17,3.87,0.45,0,0,93,43.27,43.87,0.28,100,519.87,0,0,Lower middle income
Denmark,99.28,99.87,94.27,93.75,98.49,95.64,77.91,91.39,97.89,89.83,78.29,70.24,5,8,6.5,3.5,27.09,100,100,99.6,0.76,100,6.75,0,1,1,2,1,3.5,97.36388889,99.54,129.87,1.04,128.34,96.33,8.89,23.26,248,10.35,21.37,91.6,97.6,213.35,40,16,0.97,95,0.95,3,0,80.4,90,0.8,0.86,4.6,3,0.95,0.95,15.13,0.03,13,0.44,8,97.19527778,100,0.04,100,213.35,5,4,High income
Djibouti,80.42,53.66,60.13487179,68.72,62.16,26.58,57.22,39.67,31.13,50.73,40.12,7.78,15.9,118,229.18,65.3,331.15,52.71,64.71,47.43,0.506756757,53.26,3.682,57.2,7,2,3,3,24.7,80.91642857,75.8,48.27,0.82,34.94,11.92,70.9,17.61,575.3,11.86,90.74,0,39.2,1067.23,7,6,0.574285714,25,0.74,3,0.158717949,43.3,30,0.56,0.05,6.7,3,0.63,0.339375,4.05,0.47,0,0,118,80.83880952,48.27,0.18,34.94,1067.23,0,0,Lower middle income
Dominica,94.30555556,81.48,74.66829268,64.90926829,91.84930233,69.16829787,72.03,69.8,76.67,60.9365,49.3155,41.95813953,7.922222222,45.17777778,68.1994,21.2,64.38,68.35,91.81,81.12,0.441219512,92.67,4.323421053,7.19,8.4,3.05952381,3.476190476,2.80952381,15.3,94.1487234,99.2,100.49,0.99,106.29,67.6,38.39583333,21.46,437.5,4.99,28.91,2.99,81.02,329.5,38,15,0.64,60,0.7255,4,0.106,64.16078431,59,0.54195122,0.241081081,6.579166667,4,0.82195122,0.491081081,12.48,0.162926829,0,0,45.35555556,94.02212766,100,0.01,100,329.5,0,0,Upper middle income
Dominican Republic,90.54,78.79,68.87,55.75,85.07,71.03,75.39,77.43,62.2,63.27,62.49,30.2,12.3,86,92.08,30.9,65.9,72.13,81.9,83.99,0.52,98,2.38,10.22,17.4,3,4,3,29.3,92.47,88.75,77.82,1.1,82.59,54.22,27.9,22.03,326.4,6.75,43.31,40.42,93.54,265.76,27,14,0.65,25,0.86,4,0.27,83.6,31,0.66,0.35,6,4,0.89,0.36,11.12,0.23,0,0,86,92.47,77.82,0.1,82.59,265.76,0,0,Upper middle income
Ecuador,92.59,79.6,79.22,65.18,97.11,66.61,77.23,71.01,49.27,63.88,60.45,37.51,10.9,70,63.78,21.6,73.06,85.31,75.52,84.69,0.52,97.2,4.66,4.12,8.2,3,4,2,20.1,94.52,99.05,107.22,1.04,79.77,48.94,33.21,22.71,282.2,7.99,25.99,0,88.91,346.76,24,11,0.51,15,0.84,4,0.22,81.9,31,0.71,0.45,7.5,4,0.84,0.38,11.24,0.21,2,0.05,70,94.52,100,0.04,79.77,346.76,2,1,Upper middle income
"Egypt, Arab Rep.",96.72,97.64,70.3,64.54,91.15,62.69,62.94,58.99,28.14,57.84,35.1,39.11,5,12,33.04,24,46.47,99.34,98.99,94.72,0.28,100,3.45,0.04,3.2,3.5,3,4,12.8,75.84,99.59,86.1,0.99,110.99,37.82,54.45,17.42,527,3.51,113.52,28.35,72.75,334.09,9,5,0.35,20,0.63,1,0.14,80.3,34,0.45,0.161621622,9,2,0.81,0.41,9.06,0.41,10,0.38,12,75.84,86.1,0.01,100,334.09,4,4,Lower middle income
El Salvador,92.29,79.68,78.37,37.36,92.51,70.16,75.43,67.35,64.26,65.06,51.77,22.91,12.4,85,54.08,16.8,66.48,78.11,86.54,74.99,0.53,93.7,4.88,15.21,64.2,5,5,2,21.1,87.65,98.34,81.12,1.01,145.26,26.92,27.2,21.89,260.4,9.77,43.82,1.04,76.43,249.88,34,12,0.62,35,0.78,4,0.17,80.2,36,0.43,0.3,6.2,4,0.78,0.21,9.21,0.3,0,0,85,87.65,81.12,0.01,100,249.88,0,0,Lower middle income
Equatorial Guinea,94.30555556,35.39,74.66829268,69.64,91.84930233,41.98,53.45,54.28,53.034,60.9365,49.3155,41.95813953,7.922222222,45.17777778,341.59,94.1,410.69,10.34,31.49,74.54,0.441219512,66,4.323421053,158.2,3.4,2,4,3,11.4,95.2,57.25,90.56428571,1.036938776,66.72,21.32,66.47,16.76,576.9,15.81,92.44,1.25,91.8,803.27,1,4,0.588857143,10,0.7255,3,0.26,26.1,19,0.54195122,0.241081081,6.3,4,0.82195122,0.491081081,7.28,0.162926829,0,0,45.35555556,95.2,88.7244898,0.065102041,66.72,803.27,0,0,Upper middle income
Eritrea,70.50777778,26.27,35.4775,57.89,46.84,8.9,49.07,40.49,44.1837931,46.10566667,43.18428571,12.05137931,24.64074074,185.5555556,500.63,46.5,482.29,9.24,53.28,15.73,0.43,36.08,2.444782609,160.45,9.7,2,4,4.5,24.1,73.85,39.59,30.55,0.85,7.05,1.08,83.92,15.64,665.4,15.33,104.92,0,41.11,895.58,1,0,0.593333333,10,0.653793103,2,0.31,27,18,0.61,0.109615385,6.6,4,0.664482759,0.089090909,3.95,0.376,0,0,185.5555556,73.85,30.55,0.15,7.05,895.58,0,0,Low income
Estonia,99.46,97.76,87.24,83.41,97.4,91.46,70.52,81.4,91.92,78.59,50.25,66.08,5,8,9.32,2.9,13.09,96.84,98.96,97.23,0.67,100,5.74,7.7,3.1,2,3,1,7,99.82,94.94,115.18,0.99,148.69,88.41,14.31,21.98,347.9,14.18,25.85,71.86,100,625.43,38,16,0.85,90,0.8,4,0.05,76.6,70,0.27,0.26,6.8,4,0.92,1.1,14.47,0.02,3,0.41,8,99,100,0.01,100,625.43,2,4,High income
Ethiopia,70.56,28.86,42.95,66.38,65.75,39.06,60.04,52.18,20.12,53.14,36.49,7.94,32,236,352.7,59.2,351.57,12.11,48.64,28.02,0.51,26.56,3.36,138.61,8,2,3,3.5,25.3,49.03,86.91,37.7,0.9,42.76,11.6,45.13,17.76,474.1,12.69,70.84,0,83.52,1037.29,4,2,0.26,30,0.69,3,0.23,58.5,34,0.51,0.02,8.6,3,0.72,0.089090909,3.75,0.44,0,0,236,49.03,37.7,0.1,42.76,1037.29,0,0,Low income
Faroe Islands,98.78702128,96.4240625,85.8374,84.57826087,96.47425926,85.59214286,76.20092593,81.07979592,79.074,76.98408163,66.55276596,65.348125,5,8,14.13192308,6.320689655,32.42934426,93.96650794,97.95269841,96.83621212,0.5088,100,6.023333333,1.558852459,4.643835616,1.670212766,2.553191489,1.489361702,8.170344828,97.36388889,96.93701754,106.1520968,1.007868852,107.51,94.2,23.46236364,22.82844828,281.2,11.40114754,28.9457377,64.73425926,85.33777778,390.9864815,33.28333333,13.82258065,0.785789474,69.81818182,0.805294118,3.387096774,0.034081633,75.61730769,64.65454545,0.651,0.574888889,4.598113208,3.419354839,0.8948,0.883846154,13.71163636,0.066976744,0,0,8,97.19527778,96.92709677,0.047868852,100,390.9864815,0,0,High income
Fiji,95.63,84.46,74.66829268,64.90926829,91.84930233,74.51,43.53,63.74,53.034,60.9365,49.3155,37.55,5,30,30.26,22.4,102.41,68.43,91.21,91.12,0.441219512,59.33,4.323421053,27.35,3,3.05952381,3.476190476,2.80952381,5.8,94.1487234,98.03,88.67,1.11,108.2,46.33,29.37,17.16,973.3,13.69,33.33,3.9,59.23,404.15,25,12,0.588857143,30,0.7255,3,0.1,64.2,38.75510204,0.54195122,0.241081081,7.1,3,0.82195122,0.48,12.09,0.1,0,0,30,94.02212766,88.67,0.11,100,404.15,0,0,Upper middle income
Finland,99.65,99.24,92.64,93.13,96.46,94.77,77.08,89.77,95.77,91.69,84.04,72.12,5,8,2.61,2.3,9.43,100,100,97.65,0.71,100,6.61,0,1.6,1,2,1,4.8,97.36388889,99.82,149.46,1.09,135.45,92.65,8.59,24.06,224.2,15.71,13.95,83.72,96.93,297.8,40,16,0.94,90,0.94,4,0.01,86.9,89,0.73,0.75,2,4,0.95,0.95,15.05,0.02,18,0.34,8,97.19527778,100,0.09,100,297.8,6,4,High income
France,99.27,99.56,88.4,82.74,99.59,86.85,79.06,91.14,86.03,81.5,61.16,75.72,5,8,8.47,4.3,19.74,100,100,98.65,0.47,100,6.73,0,1.2,2,3,1.5,5.1,97.36388889,99.93,110.64,1.01,102.61,84.69,23.83,25.69,241.5,16.48,14.8,79.56,99.52,186.89,38,14,0.83,80,0.79,3,0.01,90.5,69,0.7,0.72,7,2,0.88,0.88,14.04,0.08,75,0.52,8,97.19527778,100,0.01,100,186.89,9,5,High income
French Polynesia,98.78702128,98.89,85.8374,84.57826087,96.47425926,85.59214286,76.20092593,81.07979592,79.074,76.98408163,66.55276596,65.348125,5.125454545,11.43636364,14.13192308,6.320689655,32.42934426,97.73,100,98.49,0.5088,59.33,6.023333333,1.558852459,0.4,1.670212766,2.553191489,1.489361702,8.170344828,97.36388889,96.93701754,106.1520968,1.007868852,94.9,64.56,23.46236364,22.82844828,281.2,11.40114754,28.9457377,64.73425926,85.33777778,390.9864815,33.28333333,13.82258065,0.785789474,69.81818182,0.805294118,3.387096774,0.034081633,75.61730769,64.65454545,0.651,0.574888889,4.598113208,3.419354839,0.8948,0.883846154,13.71163636,0.066976744,0,0,11.61818182,97.19527778,96.92709677,0.047868852,94.9,390.9864815,0,0,High income
Gabon,87.69,55.99,61.51,72.41,91.84930233,67.34,58.89,64.07,42.7,49.98,56.62,29.67,5,18,290.69,50.8,312.67,64.54,66.68,41.86,0.3,89.3,2.88,40.54,9.4,2,3,2,22.9,83.24,94.47297872,90.56428571,1.036938776,161.12,23.5,32.2,18.23,518.1,13.9,82.51,0,89.37,221.16,8,9,0.588857143,40,0.69,4,0.22,37.8,35,0.62,0.06,4,4,0.77,0.45,10.16,0.23,0,0,18,83.24,88.7244898,0.065102041,100,221.16,0,0,Upper middle income
"Gambia, The",80.74,61.25,43.73,55.98,67.95,60.19,59.51,34.21,24.76,42.16,43.18428571,8.25,5.3,32,706.02,68.9,276.35,33.13,84.35,58.88,0.43,34.53,3.47,149.21,9.4,3.5,4,3,29.4,55.57,75.97,57.45,0.95,137.85,17.12,46.53,15.31,433,7.96,89.23,0.4,43.63,2548.54,8,3,0.593333333,25,0.653793103,4,0.25,28.2,26,0.61,0.109615385,3.4,4,0.664482759,0.06,3.48,0.376,0,0,32,55.57,57.45,0.05,100,1500,0,0,Low income
Georgia,95.96,90.26,79.48,82.87,99.26,75.38,62.85,58.74,64.85,57.87,26.3,55.8,7.4,55,36.06,11.9,21.34,80.45,100,86.26,0.64,100,4.92,43.24,2.7,2,2,2,11.8,99.76,98.58,103.68,1,128.95,47.57,27.96,19.4,568.7,7.82,67.57,0,70.31,472.99,27,11,0.77,40,0.55,3,0.14,55.1,57,0.43,0.05,8.1,2,0.53,0.339375,14.57,0.03,1,0.17,55,99,100,0,100,472.99,1,3,Lower middle income
Germany,99.36,99.75,89.03,89.71,97.85,91.06,78.62,91.6,92.75,84.83,73.64,73.84,5,8,6.18,3.7,19.12,100,100,99.22,0.57,100,6.44,0,0.9,2,2,1,4.3,97.36388889,99.8,102.67,0.94,116.71,87.59,14.8,23.69,249.3,10.42,22.88,95.3,100,256.79,39,15,0.91,90,0.86,3,0,80.6,81,0.78,0.77,4.8,3,0.9,0.76,14.24,0.02,91,0.43,8,97.19527778,100,0.06,100,256.79,9,4,High income
Ghana,86.15,43.02,43.12,69.54,86.71,72.76,57.55,62.66,80.1,60.17,52.02,23.51,5,19,319.48,61.6,326.2,18.88,84.05,14.87,0.41,64.06,2.21,155.14,1.7,3,3,2,26.2,76.58,99.69,71.04,0.95,129.74,23.48,17.95,15.9,501.8,9.68,74.83,1.19,80.79,293.8,37,14,0.87,50,0.74,4,0.09,44,43,0.65,0.07,4.6,4,0.64,0.12,7.12,0.37,1,0.09,19,76.58,71.04,0.05,100,293.8,1,2,Lower middle income
Gibraltar,98.78702128,96.4240625,85.8374,84.57826087,96.47425926,85.59214286,76.20092593,81.07979592,79.074,76.98408163,66.55276596,65.348125,5,8,14.13192308,6.320689655,32.42934426,93.96650794,97.95269841,96.83621212,0.5088,95.8484,6.023333333,1.558852459,4.643835616,1.670212766,2.553191489,1.489361702,8.170344828,97.36388889,96.93701754,106.1520968,1.007868852,141.18,65.02,23.46236364,22.82844828,281.2,11.40114754,28.9457377,64.73425926,85.33777778,390.9864815,33.28333333,13.82258065,0.785789474,69.81818182,0.805294118,3.387096774,0.034081633,75.61730769,64.65454545,0.651,0.574888889,4.598113208,3.419354839,0.8948,0.883846154,13.71163636,0.066976744,0,0,8,97.19527778,96.92709677,0.047868852,100,390.9864815,0,0,High income
Greece,99.39,99.67,82.48,77.92,95.58,79.6,82.68,85.2,72.63,56.68,47.58,67.65,5,8,3.2,4.6,13.17,100,100,98.98,0.5,100,5.26,0,0.1,2,3,2.5,9.1,95.29,96.79,106.5,0.94,112.95,66.84,30.35,23.96,264.8,3.15,27.41,77.62,94.82,359.69,35,14,0.74,40,0.46,3,0.04,59.3,44,0.43,0.28,5.1,2,0.8,1.28,13.88,0.12,10,0.28,8,95.29,100,0.06,100,359.69,4,4,High income
Greenland,98.78702128,100,85.8374,84.57826087,96.47425926,85.59214286,76.20092593,81.07979592,79.074,76.98408163,66.55276596,65.348125,5,8,14.13192308,6.320689655,46.37,100,100,100,0.5088,100,6.023333333,0,1.8,1.670212766,2.553191489,1.489361702,8.170344828,97.36388889,96.93701754,106.1520968,1.007868852,106.5,67.6,23.46236364,22.82844828,281.2,64.62,14.87,64.73425926,85.33777778,390.9864815,33.28333333,13.82258065,0.785789474,69.81818182,0.805294118,3.387096774,0.034081633,75.61730769,64.65454545,0.651,0.574888889,4.598113208,3.419354839,0.8948,0.883846154,13.71163636,0.066976744,0,0,8,97.19527778,96.92709677,0.047868852,100,390.9864815,0,0,High income
Grenada,94.30555556,93.86,74.66829268,64.90926829,91.84930233,69.16829787,63.26,63.09666667,53.034,60.9365,49.3155,41.95813953,7.922222222,45.17777778,26.7,11.8,90.63,87.85,95.3,98.01,0.441219512,90.88,4.323421053,5.37,7.5,3.05952381,3.476190476,2.80952381,17.95882353,94.1487234,99.64,99.18,1,112.25,53.81,38.39583333,19.03,552.6,6.77,42.99,15.71978261,48.53,1820.03,38,15,0.75,34.3,0.7255,4,0.106,78,56,0.54195122,0.241081081,3.8,4,0.82195122,0.491081081,11.15,0.162926829,0,0,45.35555556,94.02212766,99.18,0,100,1500,0,0,Upper middle income
Guam,98.78702128,95.91,85.8374,84.57826087,96.47425926,85.59214286,76.20092593,81.07979592,79.074,76.98408163,66.55276596,65.348125,5.125454545,11.43636364,14.13192308,6.320689655,49.72,97.84,99.53,89.83,0.5088,59.33,6.023333333,1.87,2.5,1.670212766,2.553191489,1.489361702,8.170344828,99.79,96.93701754,106.1520968,1.007868852,132.106338,73.14,23.46236364,22.82844828,281.2,20.77,32.46,64.73425926,85.33777778,390.9864815,33.28333333,13.82258065,0.785789474,69.81818182,0.805294118,3.387096774,0.034081633,65.2,64.65454545,0.651,0.574888889,4.598113208,3.419354839,0.8948,0.883846154,13.71163636,0.066976744,0,0,11.61818182,99,96.92709677,0.047868852,98.23126761,390.9864815,0,0,High income
Guatemala,88.53,77.98,75.12,45.17,80.61,66.08,74.01,67.79,54.54,59.56,47.72,14.39,15.6,101,87.87,29.1,129.4,84.63,86.82,63.85,0.53,78.5,5.67,47.15,31.2,5,5,2.5,19,79.07,89.13,63.53,0.94,111.48,27.1,38.03,21.13,297.7,7.86,52.24,6.8,78.02,220.41,23,11,0.65,20,0.82,4,0.2,66.2,28,0.45,0.28,8.2,4,0.81,0,6.65,0.36,0,0,101,79.07,63.53,0.06,100,220.41,0,0,Upper middle income
Guinea,69.61,35.61,23.53,51.23,48.28,57.47,56.68,50.45,46.09,37.31,41.07,3.45,16.4,115,678.99,93.7,545.46,14.05,67.4,20.1,0.36,26.2,1.29,210.63,8.7,5,4,3,27.3,30.47,78.02,38.82,0.66,87.17,4.7,33.08,16.75,564.9,10.6,81.55,0.61,86.95,1090.57,17,10,0.593333333,20,0.72,3,0.38,20.4,27,0.76,0.04,8.8,3,0.67,0.089090909,2.07,0.48,0,0,115,30.47,38.82,0.34,87.17,1090.57,0,0,Low income
Guinea-Bissau,68.83,30.27,35.4775,58.33,58.29,52.39,48.45,48.24,45.41,43.45,43.18428571,6.76,20.7,143,549.1,92.5,571.95,5.75,60.28,20.85,0.43,60.61,2.444782609,228.06,9.9,4,4,2,27.5,59.77,69.59,32.64,0.810645161,69.27,3.54,29.03,15.11,696.5,13.07,107.54,0,87.3,964.53,16,10,0.593333333,20,0.653793103,4,0.22,40.4,16,0.61,0.109615385,5.4,4,0.664482759,0.089090909,2.36,0.4,0,0,143,59.77,32.64,0.205483871,69.27,964.53,0,0,Low income
Guyana,87.9,85.06,64.08,60.04,88.25,61.64,42.07,51.72,67.49,60.9365,49.3155,29.93,10.6,74,228.76,39.4,153.82,67.31,98.3,83.65,0.441219512,79.47,3.01,15.31,20.4,5,3,2,17.3,87.54,85.84,89.34,0.99,67.19,38.2,27.07,16.13,672.2,29.16,61.9,0.65,51.31,747.01,32,15,0.65,30,0.7255,4,0.106,57.1,34,0.54195122,0.241081081,6.4,4,0.82195122,0.02,10.85,0.1,0,0,74,87.54,89.34,0.01,67.19,747.01,0,0,Upper middle income
Haiti,54.7,27.61,30.54,62.44,63.53806452,56.21,55.93,47.33,42.18,38.35,40.11,14.47,53.4,546,359.32,69,216.14,9.8,47.61,27.6,0.17,37.9,1.59,144.91,10,3,4,2.5,26.4483871,60.69,81.43034483,42.2509375,0.810645161,68.84,12.2,24.66,17.64,678.9,8.7,81.31,0,24.41,474.87,15,10,0.593333333,10,0.3,4,0.19,48.7,20,0.42,0.14,6.7,4,0.58,0.04,6.9,0.38,0,0,546,60.69,42.2509375,0.205483871,68.84,474.87,0,0,Low income
Honduras,91.05,84.16,66.91,32.14,82.56,60.21,74.09,60.27,50,59.96,57.21,22.59,12.2,85,129.31,20.4,69.13,90.29,83.76,82.65,0.56,82.2,3.69,56.12,74.6,5,5,3,17.4,88.42,95.35,70.78,1.19,95.54,20.36,44.62,22.28,388.3,6.57,72.01,1.78,86.89,564.07,19,9,0.6,30,0.84,3,0.25,76.4,30,0.55,0.43,6.1,4,0.77,0.15,8.58,0.26,0,0,85,88.42,70.78,0.19,95.54,564.07,0,0,Lower middle income
"Hong Kong SAR, China",98.78702128,96.4240625,85.8374,84.57826087,96.47425926,85.14,76.20092593,81.07979592,79.074,84.63,66.55276596,65.348125,5.125454545,11.43636364,14.13192308,6.320689655,32.42934426,93.96650794,97.95269841,96.83621212,0.38,100,6.79,1.558852459,0.9,1.670212766,2.553191489,1.489361702,8.170344828,97.36388889,96.93701754,100.84,0.96,228.68,84.95,28.5,22.82844828,281.2,11.40114754,28.9457377,90.93,85.33777778,390.9864815,33.28333333,12,0.52,90,0.79,4,0,87.3,77,0.73,0.61,4.598113208,4,0.83,0.85,13.71163636,0.066976744,13,0.32,11.61818182,97.19527778,100,0.04,100,390.9864815,5,4,High income
Hungary,99.16,98.9,80.45,81.75,98.3,82.03,62.64,79.71,63.72,65.9,50.96,64.32,5,8,16.58,5.9,8.26,98.34,100,97.99,0.55,100,4.77,9.37,1.5,2,3,1.5,7.7,99.38,96.46,105.2,1,118.91,72.83,28.17,20.26,454.8,17.08,48.24,51.1,100,271.24,29,13,0.58,45,0.51,3,0.01,82.3,48,0.28,0.28,5,3,0.89,0.77,13.91,0.03,9,0.45,8,99,100,0,100,271.24,4,4,High income
Iceland,99.54,99.6,87.15,93.55,98.13,93.7,83.32,81.07,92.41,87.17,93.04,74.61,5,8,3.5,2,19.91,100,100,98.78,0.41,100,6.72,0,0.3,1,2,1,4.6,97.36388889,99.15,118.56,1.04,114.01,98.2,15.3,24.69,183.2,8.74,12.42,60.06,66.04,210.17,38,16,0.785789474,90,0.94,3,0.01,75.61730769,78,0.87,0.88,1.3,4,0.98,1.31,14.86,0.02,2,0.7,8,97.19527778,100,0.04,100,210.17,2,6,High income
India,84.64,57.57,64.42,60.35,85.57,56.1,55.91,47.01,72.3,58.43,26.36,32.05,15.2,109,174.33,47.7,210.98,28.18,92.65,39.63,0.67,78.7,4.28,119.78,3.2,3,4,4,16.6,72.23,95.14,74.28,1.01,78.06,26,43.17,17.91,534.8,17.33,133.54,2.25,63.42,490.65,35,13,0.67,55,0.8,2,0.28,72.3,40,0.38,0.22,8.5,1,0.61,0.33,5.79,0.42,40,0.03,109,72.23,74.28,0.01,78.06,490.65,8,1,Lower middle income
Indonesia,91.98,56.54,78.02,69.99,92.1,63.31,62.09,65.74,64.54,64.16,35.47,37.19,7.6,51,126.19,27.2,149.59,21.83,79.48,60.83,0.75,96,4.2,37.11,0.5,3,3,3,15.3,95.44,92.88,82.47,0.99,132.35,21.98,41.72,16.65,517,3.11,49.9,0.02,81.62,348.04,31,12,0.71,30,0.82,1,0.14,81.2,37,0.32,0.09,7.3,2,0.79,0.26,9.56,0.21,10,0.05,51,95.44,82.47,0.01,100,348.04,4,1,Lower middle income
"Iran, Islamic Rep.",97.17,90.96,77.84,64.86,94.38,57.77,68.8,56,18.62,50.08,26.38,40.34,5,31,25.17,15.5,29.48,92.18,92.12,90,0.32,100,5.03,0.94,4.8,2,3,3.5,32.1,87.17,99.25,89.17,0.99,93.38,45.33,66.52,19.6,415.4,6.01,71.1,3.73,64.16,576.28,7,2,0.3,10,0.7255,1,0.21,71.9,29,0.49,0.241081081,8.8,2,0.56,0.81,9.89,0.37,14,0.05,31,87.17,89.17,0.01,93.38,576.28,5,1,Upper middle income
Iraq,84.83,74.63,79.44,41.77,73.29,55.06,55.97,45.08,53.034,48.2,28.33,37.79,22.8,185,49.6,32,47.9,75.16,70.13,85.61,0.38,100,4.323421053,1.93,7.9,5,5,5,20.2,79.72,92.31,53.46,0.75,93.83,17.22,54.35,18.27,722.5,8.33,111.29,9.69,34.64,554.02,12,5,0.588857143,34.3,0.65,2,0.19,60,17,0.52,0.1,9.8,1,0.72,0.63,7.88,0.31,2,0.063272727,185,79.72,53.46,0.25,93.83,554.02,2,3,Upper middle income
Ireland,99.23,95.34,87.82,89.72,98.85,89.98,80.49,82.11,93.09,83.71,86.21,80.42,5,8,7.7,3.6,28.84,97.88,97.84,90.48,0.5,100,6.46,0,1.1,2,2,1,4.1,97.36388889,99.3,127.2,1.02,103.71,80.12,12.4,24.14,224.1,9.84,19.26,51.11,90.51,290.56,39,16,0.785789474,90,0.86,4,0,79.5,73,0.85,0.82,1.6,3,0.96,1.68,14.53,0.05,15,0.55,8,97.19527778,100,0.02,100,290.56,5,5,High income
Isle of Man,98.78702128,96.4240625,85.8374,84.57826087,96.47425926,85.59214286,76.20092593,81.07979592,79.074,76.98408163,66.55276596,65.348125,5.125454545,11.43636364,14.13192308,6.320689655,32.42934426,93.96650794,97.95269841,96.83621212,0.5088,95.8484,6.023333333,1.558852459,4.643835616,1.670212766,2.553191489,1.489361702,8.170344828,97.36388889,96.93701754,106.1520968,1.007868852,132.106338,78.7539726,23.46236364,22.82844828,281.2,11.40114754,28.9457377,64.73425926,85.33777778,390.9864815,33.28333333,13.82258065,0.785789474,69.81818182,0.805294118,3.387096774,0.034081633,75.61730769,64.65454545,0.651,0.574888889,4.598113208,3.419354839,0.8948,0.883846154,13.71163636,0.066976744,17.06329114,0.23987013,11.61818182,97.19527778,96.92709677,0.047868852,98.23126761,390.9864815,2.987341772,2.666666667,High income
Israel,99.27,100,83.23,81.28,99.06,81.56,84.04,83.74,77.8,71.68,32.56,73.06,5,8,5.24,4,24.88,100,100,100,0.32,100,6.21,0,1.7,2,3,2,3.6,97.36388889,99.91,101.86,1.02,133.47,77.35,32.58,25.03,205.7,7.33,22.19,94.27,71.29,388.92,36,12,0.785789474,75,0.75,2,0.03,68.5,64,0.31,0.31,9.8,1,0.87,1.31,15.68,0.1,12,0.29,8,97.19527778,100,0.02,100,388.92,5,4,High income
Italy,99.5,99.84,84.94,72.1,98.99,79.81,84.81,89.58,79.67,66.14,63.66,72.38,5,8,3.69,3.5,11.4,99.95,100,99.55,0.49,100,5.87,0,0.8,3,4,2,6.1,99.02,99.54,102.62,0.98,142.12,65.57,28.93,25.08,210.7,5.81,22.18,81.17,98.96,223.28,36,15,0.82,50,0.61,4,0,66,47,0.63,0.62,5,2,0.92,0.45,14.28,0.11,59,0.77,8,99,100,0.02,100,223.28,9,6,High income
Jamaica,94.34,81.44,76.05,49.37,88.05,79.85,75.79,70.7,73.95,73.25,64.94,41.32,8.1,58,88.57,15.7,47.89,71.52,89.43,81.78,0.44,92.63,4.71,10.68,36.1,5,4,3,11.5,88.5,94.47297872,82.11,1.07,111.51,42.22,12.45,22.4,398,3.36,32.42,5.5,90.47,382.78,34,15,0.75,40,0.81,4,0.01,82.9,39,0.72,0.14,3.6,4,0.86,0.56,12.81,0.06,0,0,58,88.5,82.11,0.07,100,382.78,0,0,Upper middle income
Japan,99.19,99.58,93.25,91.66,99.86,86.7,79.89,83.82,85.66,78.6,62.11,76.95,5,8,5.43,2.7,41.55,98.45,100,100,0.76,100,6.55,0,0.3,1,2,1.5,4.7,97.36388889,99.95,101.75,1,126.54,91.06,28.67,26.13,188.9,19.22,16.83,56.53,93.25,301.27,40,15,0.74,80,0.78,4,0.01,70.4,72,0.49,0.27,3.9,4,0.89,1.37,15.51,0.2,90,0.24,8,97.19527778,100,0,100,301.27,9,4,High income
Jordan,97.2,93.5,81.38,69.43,92.68,70.64,73.29,61.8,44.56,64.17,40.28,49.25,5,13,57.7,17.9,24.27,91,92.27,98.63,0.39,99.5,5.51,0.03,2.3,2,3,3,26.3,98.01,96.76,82.45,1.06,179.43,53.4,44.49,19.16,292.2,3.08,42.78,18.6,42.94,382.75,12,7,0.44,60,0.75,2,0.07,60.6,48,0.51,0.241081081,7.7,2,0.82,0.42,12.39,0.17,3,0.26,13,98.01,82.45,0.06,100,382.75,2,4,Upper middle income
Kazakhstan,97.86,81.98,76.29,68.79,98.98,71.46,44.18,51.77,27.97,61.83,49.12,61.87,5,18,11.95,14.1,32.21,61.37,85.58,97.54,0.46,100,4.55,22.76,7.4,2,3,3,24.2,99.79,99.83,112.01,1.03,156.88,70.83,54.55,17.49,657.8,30.52,74.94,15.6,53.45,805.55,5,4,0.39,30,0.74,1,0.05,75.6,29,0.42,0.08,7.3,4,0.92,0.86,13.93,0.06,10,0.13,18,99,100,0.03,100,805.55,4,3,Upper middle income
Kenya,74.35,35.97,48.83,51.43,79.49,66.82,62.67,66.13,52.59,60.82,37.2,37.7,21.2,135,509.52,49.4,488.74,21.69,56.84,30.11,0.56,23,3.9,106.21,5.9,4,4,4,29.1,78.02,86.21,67.64,0.93,80.68,45.62,31.16,16.91,359.3,11.37,36.95,3.2,84.09,524.2,22,10,0.59,30,0.75,3,0.13,76.8,26,0.65,0.14,9.1,2,0.71,0.28,9.14,0.26,1,0.44,135,78.02,67.64,0.07,80.68,524.2,1,4,Lower middle income
Kiribati,90.72,39.67,60.13487179,63.07775,81.6875,61.50731707,38.2,55.00775,49.67641026,56.89425,43.62184211,27.78487805,5,22,89.79,55.9,217.97,34.67,50.59,39.75,0.506756757,59.33,3.682,63.73,7.5,3.182926829,3.414634146,3.036585366,2.9,80.91642857,96.88,87.14,1.1,38.84,13,39.62595238,16.86,1018.1,19.9,7.4,3.548205128,87.32,448.45,37,15,0.574285714,30,0.721794872,4,0.158717949,42.7,33.8372093,0.528461538,0.161621622,7.06744186,4,0.75974359,0.339375,10.01,0.21,0,0,22,80.83880952,87.14,0.1,38.84,448.45,0,0,Lower middle income
"Korea, Dem. People's Rep.",74.45,90.87,35.4775,62.12,96.66,10.72,54.14,50.31466667,44.1837931,46.10566667,43.18428571,12.05137931,41.6,343,82.46,24.9,39.51,88.94,99.4,81.91,0.43,29.56,2.444782609,98.85,4.7,2,4,5,10.7,100,96.45,93.4,1.01,12.88,0,83.76,16.98,587.5,14.72,84.96,0,69.881875,1167.355667,0,0,0.593333333,5,0.653793103,3.3125,0,77.9,12,0.61,0.109615385,6,3.25,0.664482759,0.089090909,11.57,0.376,0,0,343,99,93.4,0.01,12.88,809.3306667,0,0,Low income
"Korea, Rep.",99.22,92.44,88.16,87.13,97.25,86.36,72.44,79.78,72.43,70.04,63.28,76.4,5,4,11.01,3.4,27.93,92.93,87.95,100,0.58,100,6.17,0,0.7,1,2,2,12,97.97,96.46,97.73,0.99,118.46,89.65,28.58,24.99,211.8,27.75,27.37,82.42,69.34,434.63,32,13,0.63,70,0.56,4,0,81.7,53,0.56,0.31,3.1,4,0.8,1.94,14.62,0.26,42,0.16,8,97.97,97.73,0.01,100,434.63,8,3,High income
Kosovo,84.93428571,58.44717391,60.13487179,63.07775,81.6875,61.50731707,57.41934783,55.00775,49.67641026,56.89425,43.62184211,27.78487805,13.66428571,94.23809524,209.406087,45.66086957,219.9867391,40.44543478,74.85152174,57.83108696,0.84,100,3.682,88.50304348,2.2,3,3,2,19.01086957,80.91642857,90.90444444,69.95651163,0.985581395,93.44065217,28.75434783,30.5,17.94777778,568.2869565,13.01369565,76.4626087,3.548205128,68.92863636,617,24,9,0.574285714,30,0.78,3,0.158717949,61.26666667,36,0.46,0.04,7.06744186,2,0.81,0.339375,8.443043478,0.266222222,0,0,94.35714286,80.83880952,69.87093023,0.095348837,83.26956522,612.0821429,0,0,Lower middle income
Kuwait,98.25,97.61,80.26,84.48,92.04,82.82,72.8,67.27,40.33,66.12,56.95,50.46,5,21,4.12,8.6,41.02,93.96650794,99,100,0.35,97.7,5.53,0.09,1.8,1,2,2,18.7,96.12,99.47,94.97,1.16,231.76,82.08,32.59,17.87,237.9,2.73,54.56,43.1,87.12,756.42,13,6,0.785789474,45,0.84,2,0.05,63.5,41,0.7,0.574888889,5.2,3,0.84,0.22,12.51,0.066976744,1,0.52,21,96.12,94.97,0.16,100,756.42,1,5,High income
Kyrgyz Republic,95.22,80.04,69.36,66.77,97.64,69.92,55.32,51.98,48.6,60.59,44.73,43.81,6,40,75.51,21.3,46.68,58.19,86.22,93.28,0.57,100,3.24,56.26,3.7,3,3,3,22,99.5,99.53,90.78,1.01,132.8,30.25,30.16,17.92,613.6,14.21,81.92,4.2,79.8,934.9,13,9,0.72,20,0.78,2,0.08,66.3,28,0.54,0.06,8.6,3,0.91,0.63,13.79,0.05,0,0,40,99,90.78,0.01,100,934.9,0,0,Lower middle income
Lao PDR,81.64,56.83,59.31,76,81.59,34.4,53.65,60.53,19.78,58.13,51.04,17.19,18.5,128,197.4,66.7,160.25,28.37,69.38,70.89,0.44,70,4.71,122.82,7.3,2,3,2,14.3,79.87,92.71,61.7,0.93,53.1,18.2,71.58,16.81,565.4,16.21,91.15,0,90.23,373.5,1,4,0.574285714,15,0.87,1,0.2,67.1,30,0.63,0.41,6.6,3,0.69,0.22,6.11,0.34,0,0,128,79.87,61.7,0.07,53.1,373.5,0,0,Lower middle income
Latvia,98.83,93.22,80.07,84.08,98.52,87.84,60.38,85.89,78.48,69.96,44.5,61.55,5,8,18.29,7.9,18.73,92.49,98.3,87.79,0.39,100,5.36,8.07,3.9,1,3,1.5,10,99.89,98.57,115.36,0.98,127.5,79.2,17.38,20.13,474.1,19.7,52.26,94.23,97.81,284.23,36,15,0.785789474,50,0.63,3,0.01,74.9,57,0.22,0.2,7.7,4,0.89,0.78,14.44,0.03,2,0.27,8,99,100,0.02,100,284.23,2,4,High income
Lebanon,98.22,87.06,63.48,55,83.74,78.14,72.06,68.67,50.22,58.29,34.06,46.83,5,29,14.93,8.3,12.5,77.12,98.95,80.67,0.33,100,1.67,0.01,4.3,3.5,5,3,22.6,94.05,84.71,61.21,0.99,92.16,74,31.95,18.89,320.4,2.92,45.01,54.7,43.86,330.77,14,11,0.66,20,0.65,3,0.03,60.6,28,0.48,0.12,8.7,1,0.82,0.491081081,11.39,0.24,4,0.1,29,94.05,61.21,0.01,92.16,330.77,3,3,Upper middle income
Lesotho,67.66,45.6,34.22,59.02,65.33,66.66,29.03,43.83,60.18,63.8,60.98,24.54,11.2,76,487.17,90.2,1170.23,22.27,76.96,30.27,0.43,20.56,3.35,195.53,38,3,3,2,28.2,79.36,83.58,53.77,1.36,100.94,16.07,28.78,15.77,1037.7,31.86,110.98,0.3,26.17,423.07,27,12,0.574285714,30,0.72,4,0.15,76.1,39,0.66,0.2,4.1,4,0.79,0.06,10.24,0.24,0,0,76,79.36,53.77,0.36,100,423.07,0,0,Lower middle income
Liberia,62.53,29.17,30.97,61.75,62.06,56.55,59.29,60.01,61.87,53.1,45.37,9.42,31.9,256,724.51,69.9,500.32,2.42,62.61,16.89,0.32,9.8,2.82,159.06,3.2,3,4,2,33.7,47.6,89.89,37.3,0.78,81.09,5.9,30.71,15.65,430.7,9.54,28.61,0,49.67,523.13,28,11,0.76,25,0.74,4,0.2,38.7,37,0.56,0.03,6,4,0.64,0.16,4.37,0.46,0,0,256,47.6,37.3,0.22,81.09,523.13,0,0,Low income
Libya,94.30555556,83.56358491,68.75,26.39,91.47,56.37,68.14,42.45,19.87,53.97,45.5,24.17,7.922222222,45.17777778,9.33,13.4,40.76,77.25259259,89.33358491,96.56,0.35,100,2.85,2.1,2.5,5,5,4.5,73.4,91.39,94.47297872,101.56,1.18,157,19.02,57.89,18.39,382.9,5.03,79.61,9.6,24.72,921.35,3,4,0.588857143,10,0.82,2,0.03,43.1,14,0.7,0.241081081,8.3,2,0.88,0.83,6.27,0.162926829,0,0,45.35555556,91.39,100,0.18,100,921.35,0,0,Upper middle income
Liechtenstein,98.78702128,96.4240625,85.8374,84.57826087,96.47425926,92.12,76.20092593,81.07979592,79.074,76.98408163,66.55276596,65.348125,5,8,14.13192308,6.320689655,32.42934426,93.96650794,97.95269841,96.83621212,0.5088,100,6.023333333,1.558852459,2.7,1.670212766,2.553191489,1.489361702,8.170344828,97.36388889,99.97,116.12,0.78,109.31,96.64,18.36,22.82844828,281.2,11.40114754,28.9457377,64.73425926,85.33777778,390.9864815,33,16,0.785789474,69.81818182,0.805294118,4,0.034081633,75.61730769,64.65454545,0.651,0.574888889,4.598113208,3,0.8948,0.883846154,13.71163636,0.066976744,0,0,8,97.19527778,100,0.22,100,390.9864815,0,0,High income
Lithuania,99.17,91.17,80.59,79.64,98.4,84.77,52.75,78,86.03,68.42,52.52,65.56,5,8,9.91,5.2,19.68,93.12,90.38,92.4,0.37,100,5.58,7.13,5.5,2,3,1.5,10.6,99.82,99.65,106.82,0.96,139.52,71.38,19.95,19.4,443.1,32.75,49.12,46.82,98.55,305.91,38,16,0.785789474,65,0.55,4,0,69.6,59,0.29,0.16,4.6,4,0.87,1.05,14.17,0.06,4,0.3,8,99,100,0.04,100,305.91,3,4,High income
Luxembourg,99.51,99.22,89.14,84.57826087,97.67,93.8,81.63,92.63,92.41,86.28,84.26,68.99,5,8,9.7,1.9,16.24,100,100,97.6,0.54,100,6.6,0,0.7,1.670212766,2.553191489,1.489361702,8.7,97.36388889,96.8,102.26,1.02,148.51,97.33,14.43,24.31,213.7,8.89,20.08,96.84,100,235.99,38,16,0.785789474,90,0.87,4,0.01,75.61730769,81,0.83,0.78,3.1,4,0.94,1.05,14.08,0.06,2,0.86,8,97.19527778,100,0.02,100,235.99,2,6,High income
"Macao SAR, China",98.78702128,96.4240625,85.8374,84.57826087,96.51,85.59214286,76.20092593,81.07979592,79.074,76.98408163,66.55276596,65.348125,5.125454545,11.43636364,14.13192308,6.320689655,32.42934426,93.96650794,97.95269841,96.83621212,0.5088,90.54,6.023333333,1.558852459,1,1.670212766,2.553191489,1.489361702,8.170344828,96.23,96.32,96.48,0.99,324.44,77.6,23.46236364,22.82844828,281.2,11.40114754,28.9457377,64.73425926,85.33777778,390.9864815,33.28333333,13.82258065,0.785789474,60,0.805294118,4,0.034081633,75.61730769,64.65454545,0.651,0.574888889,4.598113208,4,0.8948,0.67,13.71163636,0.066976744,1,0.29,11.61818182,96.23,96.48,0.01,100,390.9864815,1,4,High income
"Macedonia, FYR",99.28,94.35,78.84,75.48,88.72,77.94,66.88,59.73,58.11,52.14,41.13,39.6,5,8,7.55,5.5,10.55,91.92,98.88,90.91,0.54,100,4.91,30.01,1.6,3,3,2,9.4,97.84,88.26,78.58,0.96,98.78,70.38,36.09,19.11,421.8,7.53,64.35,4.45,72.3,517.75,21,10,0.74,35,0.66,3,0.07,29.6,37,0.35,0.05,7.1,3,0.84,0.491081081,12.74,0.11,0,0,8,97.84,78.58,0.04,98.78,517.75,0,0,Upper middle income
Madagascar,71.78,16.03,28.89,65.36,71.41,44.44,53.12,50,57.64,40.95,53.08,16.12,33,229,352.86,49.6,316.35,7.03,35.25,12,0.57,15.4,1.94,201.62,0.6,3,3,3,28.4,64.66,81.43034483,38.43,0.98,44.12,4.17,27.04,17,674.6,11.93,75.63,0,64.68,884.35,24,10,0.61,45,0.56,3,0.4,58.2,26,0.56,0.04,4.3,4,0.75,0.089090909,6.46,0.35,0,0,229,64.66,38.43,0.02,44.12,884.35,0,0,Low income
Malawi,70.37,50.87,33.69,64.57,75.96,43.22,57.09,58.92,67.99,58.96,41.1,14.31,20.7,139,634.12,64,581.62,7.93,89.11,41,0.46,9.8,2.27,135.54,1.8,3,3,2.5,35,65.96,98.1,43.4,0.9,37.94,9.3,28.12,15.4,446.7,11.85,56.02,0,93.35,880.18,26,13,0.79,40,0.81,4,0.26,70.9,31,0.47,0.02,5.1,4,0.52,0.01,4.98,0.3,0,0,139,65.96,43.4,0.1,37.94,880.18,0,0,Low income
Malaysia,97.24,94.46,87.13,71.3,90.64,74.56,68.04,69.13,43.57,58.72,41.97,56.88,5,14,39.81,7,119.43,96.41,92.99,96.01,0.61,100,5.82,1.08,1.9,3,2,3,24,94.64,98.09,77.57,1.08,143.89,71.06,46.57,19.5,380.3,8.92,51.71,19.59,90.85,449.54,18,7,0.35,55,0.66,1,0.06,51.4,49,0.41,0.21,6.7,2,0.81,0.6,11.93,0.162926829,14,0.26,14,94.64,77.57,0.08,100,449.54,5,4,Upper middle income
Maldives,97.05,83.63,74.66829268,64.90926829,91.84930233,74.85,75.15,63.09666667,53.034,60.9365,49.3155,14.88,5.2,34,67.68,8.6,34.64,45.67,97.92,97.94,0.441219512,100,4.323421053,5.74,0.9,3.05952381,3.476190476,2.80952381,3.5,99.32,99.27,90.56428571,1.036938776,206.66,54.46,34.17,21.37,184.2,12.66,37.36,15.71978261,35.92,322.19,17,5,0.588857143,25,0.7255,1,0.106,52.3,36,0.54195122,0.241081081,4.8,2,0.82195122,0.04,7.6,0.4,0,0,34,99,88.7244898,0.065102041,100,322.19,0,0,Upper middle income
Mali,76.4,36.02,41.76,61.89,47.05,60.93,59.35,47.68,52.08,35.51,48.43,5.94,5,23,587.08,114.7,448.5,15.88,64.06,24.67,0.54,25.6,2.83,131.54,10.2,3,3,3.5,25.6,33.07,60.8,41.31,0.81,139.61,10.34,39.83,15.94,484.5,7.48,72.12,0,73.03,1179.84,17,12,0.593333333,25,0.68,4,0.53,29.9,32,0.86,0.06,7.9,2,0.83,0.06,1.56,0.42,0,0,23,33.07,41.31,0.19,100,1179.84,0,0,Low income
Malta,99.07,100,82.51,84.57826087,92.14,84.58,84.33,85.58,87.99,73.92,78.46,39.52,5,8,8.78,6.4,20.33,100,100,100,0.61,100,4.77,0,1.4,1.670212766,2.553191489,1.489361702,5.1,94.07,98.69,85.78,0.91,129.3,76.18,23.84,24.22,212.7,3.82,23.49,68.49,93.98,261.9,39,16,0.785789474,70,0.91,4,0.034081633,71.6,55,0.67,0.82,3.9,4,0.92,0.6,11.59,0.07,0,0,8,94.07,85.78,0.09,100,261.9,0,0,High income
Marshall Islands,94.30555556,65.09,74.66829268,64.90926829,82.23,69.16829787,48.23,63.09666667,53.034,60.9365,49.3155,41.95813953,7.922222222,45.17777778,68.1994,36,95.18,2.89,97.65,76.86,0.441219512,59.33,4.323421053,31.25,4.7,3.05952381,3.476190476,2.80952381,5.7,98.27,79.78,76.61,1.1,29.25,19.28,38.39583333,18.36,856.5,15.35,49.1,0,71.5248,583.6268627,37,16,0.588857143,34.3,0.7255,4,0.106,64.16078431,38.75510204,0.54195122,0.241081081,6.579166667,4,0.82195122,0.491081081,10.77,0.162926829,0,0,45.35555556,98.27,76.61,0.1,29.25,533.1368627,0,0,Upper middle income
Mauritania,80.96,42.25,35.96,60.91,62.84,64.47,64.25,41.27,39.56,33.83,44.5,10.44,5.6,36,601.59,84.7,228.96,32.63,57.1,40.01,0.2,21.76,2.39,94.31,11.4,3,4,2.5,24.5,52.12,79.9,30.6,0.93,89.32,15.2,24.03,16.49,356,7.36,92.77,0,42.92,990.97,9,9,0.574285714,25,0.43,2,0.28,29.8,27,0.47,0.02,7.2,4,0.77,0.07,4.44,0.41,0,0,36,52.12,30.6,0.07,89.32,990.97,0,0,Lower middle income
Mauritius,96.72,97.66,78.76,82.73,94.89,76.16,67.95,64.66,81.72,64.8,65.81,30.25,5,35,53.36,13.5,41.78,99.85,99.82,93.15,0.29,100,5.41,3.18,2.7,2,2,2,12.2,90.62,98.93,95.7,1.05,140.58,50.14,27.69,20.55,446.8,8.92,36.34,4.2,55.45,264.02,37,15,0.588857143,60,0.81,4,0.1,44.8,54,0.73,0.26,3.8,4,0.82,0.17,10.36,0.13,0,0,35,90.62,95.7,0.05,100,264.02,0,0,Upper middle income
Mexico,97.17,89.44,79.38,50.9,93.58,64.93,77.59,74.53,65.87,60.31,52.92,56.54,5,29,37.85,13.2,39.48,92.33,92.14,85.16,0.48,99.1,4.89,10.13,15.7,5,4,4,12.3,94.55,97.71,90.55,1.07,85.99,57.43,49.33,22.38,284.4,6.17,32.18,39.72,78.66,367.1,28,13,0.62,50,0.73,2,0.17,83.2,30,0.51,0.51,6.7,2,0.88,0.7,10.77,0.2,17,0.23,29,94.55,90.55,0.07,85.99,367.1,6,4,Upper middle income
"Micronesia, Fed. Sts.",84.93428571,63.18,60.13487179,63.07775,81.6875,61.50731707,48.21,55.00775,49.67641026,56.89425,43.62184211,27.78487805,13.66428571,94.23809524,99.57,34.7,85.46,37.21,87.37,57.08,0.506756757,59.33,3.682,46.71,4.8,3.182926829,3.414634146,3.036585366,1.9,80.91642857,84,69.95651163,0.985581395,21.54,31.5,39.62595238,17.3,788.6,15.63,35.85,3.548205128,68.92863636,617,37,16,0.574285714,30,0.721794872,4,0.158717949,61.26666667,33.8372093,0.528461538,0.161621622,4,4,0.75974359,0.339375,12.56,0.266222222,0,0,94.35714286,80.83880952,69.87093023,0.095348837,21.54,612.0821429,0,0,Lower middle income
Moldova,97.96,71.17,72.27,75.89,93.07,75.65,59.99,53.36,64.77,52.11,37.3,42.14,5,8,22.91,15.8,26.68,53.93,81.38,76.43,0.25,100,4.3,12.14,3.2,2,3,2.5,12.5,99.24,91.58,86.11,1.01,108.04,49.84,28.83,17.97,462.1,14.08,64.11,14,53.23,792.99,27,12,0.72,40,0.51,3,0.11,62,30,0.4,0.04,7,2,0.8,0.56,13.8,0.07,0,0,8,99,86.11,0.01,100,792.99,0,0,Lower middle income
Monaco,98.78702128,96.4240625,85.8374,84.57826087,96.47425926,85.59214286,76.20092593,81.07979592,79.074,76.98408163,66.55276596,65.348125,5,8,14.13192308,3.5,32.42934426,100,97.95269841,100,0.5088,100,6.023333333,1.558852459,0,1.670212766,2.553191489,1.489361702,0,97.36388889,96.93701754,106.1520968,1.007868852,88.78,93.36,23.46236364,25.42,281.2,11.40114754,28.9457377,100,85.33777778,390.9864815,27,16,0.785789474,69.81818182,0.805294118,4,0.034081633,75.61730769,64.65454545,0.651,0.574888889,4.598113208,4,0.8948,0.883846154,13.71163636,0.066976744,0,0,8,97.19527778,96.92709677,0.047868852,88.78,390.9864815,0,0,High income
Mongolia,87.5,47.37,60.62,72.7,96.13,68.54,36.68,43.87,70.18,65.09,51.41,43.92,20.5,156,43.95,22.4,39.81,24.35,59.21,59.72,0.27,89.76,3.84,84.93,7.5,3,2,2.5,21,98.37,97.31,91.46,1.02,104.96,21.44,27.61,17.11,820.6,34.04,90,3.3,83.56,1417.03,36,14,0.71,30,0.71,3,0.04,71.1,38,0.3,0.06,4,3,0.95,0.96,12.06,0.09,0,0,156,98.37,91.46,0.02,100,1417.03,0,0,Lower middle income
Montenegro,99.38,94,67.97,74.17,95.52,79.02,66.12,63.12,62.05,49.96,46.38,42.49,5,8,7.16,4.7,9.02,84.2,99.17,95.91,0.25,100,4.01,41.1,3.2,3,3,2,11.9,98.72,94.64,90.34,1,162.16,68.12,32.79,19.8,423.6,11.01,51.75,6.7,67.72,393.47,26,12,0.588857143,40,0.55,4,0.106,37.1,45,0.56,0.08,7.6,3,0.86,0.491081081,13.05,0.07,0,0,8,98.72,90.34,0,100,393.47,0,0,Upper middle income
Morocco,94.54,66.43,80.84,67.92,81.66,72.33,68.44,70.34,45.36,64.54,43.3,27.27,5,31,121.32,27.6,57.24,63.85,65.31,76.71,0.44,100,5.28,5.35,1,3,3,3,20.8,71.71,99.68,69.06,0.85,126.87,57.08,42.64,19.43,380.3,7.97,41.59,5.4,91.1,318.76,15,7,0.55,40,0.79,2,0.11,76.8,37,0.57,0.07,7.4,4,0.65,0.37,4.84,0.46,3,0.25,31,71.71,69.06,0.15,100,318.76,2,4,Lower middle income
Mozambique,66.89,20.06,36.49,58.67,68.76,55.13,52.41,56.49,53.05,42.08,54.47,10.27,25.3,181,489.11,78.5,685.02,8.65,37.04,20.5,0.44,20.2,2.81,150.77,3.6,3,4,3,31.6,58.84,89.13,32.43,0.92,74.24,9,30.25,16.63,595.9,16.25,56.62,0,88.43,967.73,20,11,0.593333333,30,0.78,4,0.45,37.8,27,0.67,0.27,5.6,4,0.66,0.02,2.99,0.34,0,0,181,58.84,32.43,0.08,74.24,967.73,0,0,Low income
Myanmar,85.39,56.5,57.16,65.88,85.42,54.55,59.29,45.86,31.21,64.8,35.91,26.35,14.2,103,178.5,50,168.02,8.16,74.4,79.55,0.82,52.36,2.72,91.98,2.5,2.5,3,4,20.3,93.09,94.53,51.3,1.03,75.68,21.8,42.08,16.75,583.6,4.91,93.7,0,57.74,617,14,7,0.34,10,0.87,2,0.07,71.7,28,0.44,0.29,9.9,2,0.79,0.34,7.74,0.19,0,0,103,93.09,51.3,0.03,75.68,612.0821429,0,0,Lower middle income
Namibia,65.3,58.23,57.75,66.24,81.22,73.51,60.38,62.36,66.93,74.96,54.16,22.67,42.3,325,264.74,45.4,489.15,50.67,84.65,34.39,0.38,47.26,5.54,109.61,16.9,3,3,2,23.9,90.82,91.23,64.84,1.16,106.58,22.31,15.15,17.38,395.9,15.03,60.83,6.25,95.74,708.78,30,14,0.588857143,30,0.85,4,0.05,76.6,52,0.59,0.23,6,4,0.76,0.06,9.79,0.28,0,0,325,90.82,64.84,0.16,100,708.78,0,0,Upper middle income
Nauru,94.30555556,83.56358491,74.66829268,64.90926829,91.84930233,69.16829787,65.31884615,63.09666667,53.034,60.9365,49.3155,41.95813953,7.922222222,45.17777778,68.1994,20.63773585,93.5,68.44,89.33358491,65.6,0.441219512,91.47685185,4.323421053,22.67207547,1.3,3.05952381,3.476190476,2.80952381,17.95882353,94.1487234,88.09,82.64,1.02,67.78,54,38.39583333,23.21,451.4403846,10.78226415,51.1509434,15.71978261,71.5248,583.6268627,35,13,0.588857143,34.3,0.7255,4,0.106,64.16078431,38.75510204,0.54195122,0.241081081,6.579166667,4,0.82195122,0.491081081,11.14692308,0.162926829,0,0,45.35555556,94.02212766,82.64,0.02,67.78,533.1368627,0,0,Upper middle income
Nepal,88.88,58.04,56.48,75.35,81.43,64.46,63.95,50.98,55.76,54.49,61.58,9.58,7.8,51,258.41,35.8,200.81,24.08,91.77,45.79,0.81,76.3,1.82,113.27,2.9,3,2,2.5,17,64.66,97.11,69.57,1.07,96.75,17.58,32.62,17.39,410.7,7.85,113.24,0,76.59,588.48,24,9,0.7,30,0.81,3,0.29,64.6,29,0.8,0.83,9.5,3,0.84,0.11,3.6,0.41,0,0,51,64.66,69.57,0.07,96.75,588.48,0,0,Low income
Netherlands,99.24,99.27,91.31,90.08,99.22,94.82,80.38,90.17,93.6,88.9,77.73,73.1,5,8,6.92,3.8,27.3,100,100,97.73,0.61,100,6.76,0,0.7,2,2,1,3.4,97.36388889,99.85,132.32,0.98,123.54,93.1,8.76,24.2,236.1,9.6,22.81,99.27,90.38,269.55,40,16,0.87,90,0.91,4,0,84.6,83,0.79,0.88,4.4,3,0.92,0.98,14.69,0.04,26,0.3,8,97.19527778,100,0.02,100,269.55,7,4,High income
New Caledonia,98.78702128,97.57,85.8374,84.57826087,96.47425926,85.59214286,76.20092593,81.07979592,79.074,76.98408163,66.55276596,65.348125,5.125454545,11.43636364,14.13192308,6.320689655,32.42934426,93.71,98.45,100,0.5088,59.33,6.023333333,1.558852459,3.3,1.670212766,2.553191489,1.489361702,8.170344828,96.94,96.93701754,106.1520968,1.007868852,98.91,74,23.46236364,22.82844828,281.2,11.40114754,28.9457377,64.73425926,85.33777778,390.9864815,33.28333333,13.82258065,0.785789474,69.81818182,0.805294118,3.387096774,0.034081633,75.61730769,64.65454545,0.651,0.574888889,4.598113208,3.419354839,0.8948,0.883846154,13.71163636,0.066976744,0,0,11.61818182,96.94,96.92709677,0.047868852,98.91,390.9864815,0,0,High income
New Zealand,99.2,100,85.23,91,97.38,93.05,80.74,83.72,94.08,88.16,83.89,75.09,5,8,11.24,5.7,12,100,100,96.83621212,0.41,100,6.3,0,0.9,1.5,2,1,6,97.36388889,99.06,117.49,1.06,121.83,88.22,10.01,24.71,230.3,10.9,8.97,70.19,92.75,535.21,40,16,0.85,95,0.92,4,0.08,83.7,90,0.89,0.79,3.8,4,0.94,1.19,15.04,0.066976744,15,0.49,8,97.19527778,100,0.06,100,535.21,5,5,High income
Nicaragua,88.49,66.17,66.76,68.87,85.39,67.62,77.15,67.97,40.73,55.72,58.63,26.53,16.6,122,149.77,22.1,39.01,66.32,69.4,67.9,0.42,77.9,3.95,31.87,11.5,3,3,2.5,15.3,82.47,98.41,74.19,1.13,116.11,19.7,28.82,21.87,240.9,7.64,33.39,0,93.72,530.89,14,11,0.44,10,0.7,3,0.3,87.3,26,0.58,0.41,6.7,4,0.85,0.5,9.04,0.29,0,0,122,82.47,74.19,0.13,100,530.89,0,0,Lower middle income
Niger,74.98,22.39,31.24,63.07,37.12,45.68,61.29,39.6,53.73,36.77,41.98,7.85,9.5,56,553.5,95.5,545.94,8.72,48.62,10.88,0.48,14.4,2.444782609,174.5,4.5,4,3,2.5,26.4,19.1,63.28,20.75,0.71,46.5,2.22,24.62,16.16,414.6,8.46,111.31,0,88.33,1660.52,21,11,0.593333333,30,0.69,4,0.61,42.9,35,0.67,0.04,7.7,3,0.68,0.04,1.41,0.35,0,0,56,19.1,20.75,0.29,46.5,1500,0,0,Low income
Nigeria,72.88,30.54,45.25,42.93,62.94,66.04,62.53,61.75,53.13,45.72,36.39,20.01,7,42,813.98,108.8,449.25,2.27,57.29,28.95,0.55,55.6,1.44,109.17,10.1,5,5,4.5,20.5,59.57,65.67,55.7,0.93,82.19,47.44,35.9,14.22,284.9,6.92,68.92,0.15,75.43,332.12,25,9,0.6,30,0.79,3,0.29,31.5,28,0.71,0.07,9.4,1,0.8,0.339375,6.77,0.43,1,0.02,42,59.57,55.7,0.07,82.19,332.12,1,1,Lower middle income
Northern Mariana Islands,98.78702128,87.99,85.8374,84.57826087,96.47425926,85.59214286,76.20092593,81.07979592,79.074,76.98408163,66.55276596,65.348125,5.125454545,11.43636364,14.13192308,6.320689655,43.77,84.15,97.53,79.73,0.5088,95.8484,6.023333333,7.39,4.643835616,1.670212766,2.553191489,1.489361702,8.170344828,97.36388889,96.93701754,106.1520968,1.007868852,132.106338,78.7539726,23.46236364,22.82844828,281.2,10.57,30.28,64.73425926,85.33777778,390.9864815,33.28333333,13.82258065,0.785789474,69.81818182,0.805294118,3.387096774,0.034081633,75.61730769,64.65454545,0.651,0.574888889,4.598113208,3.419354839,0.8948,0.883846154,13.71163636,0.066976744,0,0,11.61818182,97.19527778,96.92709677,0.047868852,98.23126761,390.9864815,0,0,High income
Norway,99.38,99.37,89.27,93.75,98.79,95.8,81.29,88.74,96.32,89.37,81.74,69.39,5,8,4.92,2.6,26.7,100,100,98.06,0.52,100,6.72,0,0.6,1,2,1,3.8,97.36388889,99.88,112.99,0.97,111.12,96.81,8.79,24.16,204.4,9.54,15.97,83.83,82.2,153.42,40,16,0.95,90,0.95,3,0,84.3,85,0.86,0.87,3.8,3,0.95,0.97,15.42,0.02,9,0.29,8,97.19527778,100,0.03,100,153.42,4,4,High income
Oman,97.2,85.51,86.44,78.53,96.26,77.73,75.4,51.98,37.12,62.61,66.55276596,65.348125,5,33,17.14,11.6,59.35,74.38,86.14,96.74,0.5088,97.7,6.21,1.59,1.1,2,2,2,25.4,93.97,99.99,104.23,1.07,159.86,74.17,40.43,20.94,319.7,3.56,62.8,5.42,48.68,740.74,8,5,0.785789474,55,0.91,2,0.04,34.2,45,0.651,0.574888889,3.1,4,0.8948,0.883846154,8.19,0.066976744,1,0.06,33,93.97,100,0.07,100,740.74,1,2,High income
Pakistan,78.34,66.89,57.99,54.3,61.82,48,58.79,48.74,46.18,52.09,22.43,22.91,22,172,177.94,81.1,139.41,38.83,89.91,63.5,0.59,93.6,2.39,120.4,7.8,4,4,4.5,14.2,56.44,80.23,44.53,0.79,66.92,18,48.52,17.82,690.2,3.53,136.32,0.1,70.04,411.86,21,6,0.59,30,0.63,2,0.11,49.6,32,0.46,0.02,9.7,1,0.63,0.19,4.26,0.44,9,0.08,172,56.44,44.53,0.21,66.92,411.86,4,2,Lower middle income
Palau,98.78702128,92.17,85.8374,84.57826087,89.69,85.59214286,76.20092593,81.07979592,79.074,76.98408163,66.55276596,65.348125,5.125454545,11.43636364,14.13192308,16.4,32.42934426,95.26,86.01,100,0.5088,59.33,6.023333333,1.558852459,3.1,1.670212766,2.553191489,1.489361702,4.78,99.52,80.3,95.75,0.99,132.106338,78.7539726,23.46236364,18.25,281.2,11.40114754,28.9457377,64.73425926,85.33777778,963.25,37,16,0.785789474,69.81818182,0.805294118,4,0.034081633,75.61730769,64.65454545,0.651,0.574888889,4.598113208,4,0.8948,0.883846154,13.71163636,0.12,0,0,11.61818182,99,95.75,0.01,98.23126761,963.25,0,0,High income
Panama,93.34,84.46,79.57,74.7,90.52,75.34,82.46,75.17,70.71,65.03,62.96,41.09,9.5,66,94.49,17,58.81,92.13,88.62,74.99,0.52,90.88,5.18,9.41,17.4,3,3,1,10,95.04,97.1,75.5,1.06,174.19,51.21,30.59,24.13,227,6.12,23.59,13.32,87.93,238.52,35,15,0.7,30,0.88,4,0.22,73.9,38,0.57,0.41,5.3,4,0.88,0.89,12.46,0.17,0,0,66,95.04,75.5,0.06,100,238.52,0,0,High income
Papua New Guinea,84.93428571,17.77,60.13487179,54.46,64.53,46.8,32.88,46.06,59.3,51.87,43.62184211,23.08,13.66428571,94.23809524,214.8,57.3,277.28,9.46,32.78,18.92,0.506756757,18.11,3.682,191.82,10.4,5,4,3,16.8,63.43,87.16,40.35,0.76,46.65,7.9,25.81,15.04,1151.8,16.46,88.46,0,46.46,770.52,26,13,0.574285714,20,0.721794872,4,0.16,47.4,28,0.528461538,0.161621622,6.5,3,0.75974359,0.05,6.04,0.11,0,0,94.35714286,63.43,40.35,0.24,46.65,770.52,0,0,Lower middle income
Paraguay,92.1,89.32,64.82,65.77,87.8,73.45,72.13,60.48,60.18,64.99,62.89,30.88,10.4,71,131.72,20.5,60.63,82.94,94.95,88.6,0.35,98.2,2.86,38.06,8.8,4,3,2,20.7,95.54,90.66,76.57,1.07,105.39,48.44,33.63,21.19,390,6.47,37.55,0.74,78.94,790.19,27,12,0.588857143,30,0.77,4,0.13,81.6,30,0.74,0.36,6,3,0.94,0.33,10.21,0.16,0,0,71,95.54,76.57,0.07,100,790.19,0,0,Upper middle income
Peru,94.27,72.01,76,64.06,97.1,72.82,80.78,75.5,73.86,60.96,54.05,44.38,7.5,50,68.36,16.9,101.92,78.25,69.25,76.19,0.5,91.2,4.94,29.53,6.7,3,4,3,13.9,94.37,98.07,95.74,1,109.87,40.9,29.99,21.61,183.1,3.37,37.5,34.65,84.59,269.64,31,15,0.79,40,0.81,3,0.16,64.4,35,0.61,0.34,7.6,4,0.8,0.74,11.57,0.23,3,0.06,50,94.37,95.74,0,100,269.64,2,2,Upper middle income
Philippines,88.65,71.59,68.54,58.74,92.61,67.19,61.04,63.89,63.31,66.69,55.38,47.56,13.5,93,114.15,28,173.69,43.13,90.26,73.93,0.63,87.5,3.99,79.38,9.9,4,4,3.5,10.5,96.62,98.03,88.39,1.1,115.75,40.7,44.66,17.1,527.1,5.92,77.3,2.58,86.16,274.18,27,14,0.65,30,0.9,4,0.05,54.7,35,0.6,0.62,8.1,3,0.82,0.7,11.82,0.12,5,0.03,93,96.62,88.39,0.1,100,274.18,3,1,Lower middle income
Poland,99.23,97.15,78.71,87.65,97.53,82.37,67.12,78.88,79.59,73.44,50.38,63.76,5,8,3.11,5.2,21.3,98.22,96.88,97.21,0.29,100,5.53,9.02,0.7,2,2,1,10.3,99.79,97.42,108.7,0.96,142.69,68,23.89,21.84,393.7,17.41,44.9,57.18,99.76,424.54,37,14,0.75,65,0.82,3,0.02,63.1,62,0.21,0.17,4.9,4,0.89,0.77,14.78,0.06,11,0.17,8,99,100,0.04,100,424.54,5,3,High income
Portugal,99.1,99.89,84.38,90.41,98.11,85.06,80.11,84.71,88.93,78.73,76.17,59.69,5,8,10.15,3.6,37.39,100,100,99.67,0.42,100,6.06,0,0.9,1,2,1.5,7.8,95.43,99.72,116.4,0.98,110.41,68.63,17.27,24.14,238.9,9.72,16.86,54.12,95.78,248.78,39,16,0.88,70,0.83,4,0.05,82.9,62,0.74,0.52,2.7,4,0.89,0.39,11.54,0.06,12,0.49,8,95.43,100,0.02,100,248.78,5,5,High income
Puerto Rico,98.78702128,96.4240625,79.7,84.57826087,85.57,85.59214286,76.20092593,81.07979592,79.074,76.98408163,66.55276596,65.348125,5.125454545,11.43636364,14.47,6.320689655,46.7,93.96650794,97.95269841,99.28,0.51,90.88,5.11,0.01,18.5,1.670212766,2.553191489,1.489361702,8.170344828,93.33,84.88,81.29,1.06,87.09,79.47,23.46236364,22.82844828,281.2,7.04,27.98,64.73425926,85.33777778,390.9864815,33.28333333,16,0.785789474,69.81818182,0.82,3.387096774,0.19,80.3,63,0.82,0.73,4.598113208,3.419354839,0.91,0.883846154,13.71163636,0.066976744,1,0.23,11.61818182,93.33,81.29,0.06,87.09,390.9864815,1,4,High income
Qatar,98.78702128,97.77,86.64,86.1,93.33,84.41,77.91,73.4,45.05,68.35,60.92,47.47,5.125454545,11.43636364,12.63,8,17.17,94.15,100,98.02,0.49,97.7,6.36,0.01,7.2,1,2,1.5,15.2,97.76,94.96,109.41,0.89,159.13,92.88,35.97,21.29,229.2,5.01,50.77,70,58.37,325.28,9,7,0.785789474,65,0.9,2,0.18,62.3,61,0.8,0.574888889,4.6,4,0.84,0.5,10.82,0.066976744,2,0.43,11.61818182,97.76,100,0.11,100,325.28,2,4,High income
Romania,98.29,83.12,75.09,79.54,94.9,78.96,65.57,70.59,71.83,70.06,39.43,54.99,5,8,31.38,11.1,25.6,62.7,100,79.08,0.35,100,4.73,21.73,1.5,2,3,2,8.7,98.76,92.87,92.25,0.99,107.14,55.76,24.29,20.15,462.5,11.06,54.88,15.39,95.77,338.89,35,14,0.75,35,0.78,3,0.03,70.2,48,0.25,0.15,7,3,0.8,0.44,13.8,0.05,4,0.2,8,98.76,92.25,0.01,100,338.89,3,3,Upper middle income
Russian Federation,98.34,83.5,77.57,57.83,98.48,73.37,47.14,69.35,25.42,56.77,36.15,82.08,5,8,24.62,9.6,40.53,87.37,91.25,72.22,0.33,100,5.04,5.91,9.5,3,4,4,18.9,99.72,98.31,100.59,0.98,159.95,70.1,49.03,18.55,609.5,31.19,62.57,72.67,73.7,695.81,5,3,0.42,20,0.63,1,0.08,72.3,29,0.39,0.09,9,2,0.89,1.93,14.67,0.02,35,0.06,8,99,100,0.02,100,695.81,8,2,Upper middle income
Rwanda,73.81,49.82,44.85,61.04,76.07,46.94,62.73,57.59,28.38,73.85,42.36,15.93,31.6,232,290.2,41.7,298.53,9.2,71.9,61.64,0.56,18,4.16,144.97,4.9,3,3,3.5,32.1,71.24,96.67,39.12,1.1,70.48,18,54.61,18.04,435.5,10.8,82.72,0,71.26,404.49,8,4,0.593333333,30,0.91,3,0.04,65.7,54,0.69,0.07,9.1,4,0.66,0.06,5.48,0.29,0,0,232,71.24,39.12,0.1,70.48,404.49,0,0,Low income
Samoa,96.46,92.97,74.66829268,64.90926829,92.8,59.68,62.37,63.09666667,53.034,60.9365,49.3155,41.95813953,5,22,51.29,17.5,70.58,85.35,99.34,91.49,0.441219512,100,4.323421053,54.02,3.2,3.05952381,3.476190476,2.80952381,15.8,99.02,99.47,84.96,1.11,62.37,25.41,18.8,19.24,518.8,10.86,7.13,15.71978261,61.86,400.81,30,14,0.588857143,60,0.7255,4,0.106,36.8,52,0.54195122,0.241081081,4.5,3,0.82195122,0.491081081,13.18,0.162926829,0,0,22,99,84.96,0.11,62.37,400.81,0,0,Upper middle income
San Marino,98.78702128,96.4240625,85.8374,84.57826087,96.47425926,85.59214286,76.20092593,81.07979592,79.074,76.98408163,66.55276596,65.348125,5,8,14.13192308,2.9,32.42934426,93.96650794,97.95269841,96.83621212,0.5088,100,6.023333333,1.558852459,0,1.670212766,2.553191489,1.489361702,3.2,97.36388889,93.12,94.65,1.03,115.16,49.6,23.46236364,25.01,281.2,11.40114754,28.9457377,64.73425926,85.33777778,390.9864815,38,15,0.785789474,69.81818182,0.805294118,4,0.034081633,75.61730769,64.65454545,0.651,0.574888889,4.598113208,4,0.8948,0.883846154,13.71163636,0.066976744,0,0,8,97.19527778,94.65,0.03,100,390.9864815,0,0,High income
Sao Tome and Principe,89.86,57.77,60.13487179,63.07775,88.6,61.50731707,64.55,55.00775,49.67641026,56.89425,43.62184211,27.78487805,6.6,40,156.11,47.3,197.87,33.09,93.64,34.71,0.506756757,60.46,3.682,155.78,3.4,3.182926829,3.414634146,3.036585366,31.1,91.75,95.72,86.19,1.13,65.09,25.82,39.62595238,18.3,526.8,3.49,58.9,3.548205128,1.47,394.89,34,15,0.574285714,25,0.721794872,4,0.158717949,52.5,46,0.528461538,0.161621622,4.5,4,0.75974359,0.339375,6.35,0.21,0,0,40,91.75,86.19,0.13,65.09,394.89,0,0,Lower middle income
Saudi Arabia,97.93,89.58,86.39,71.77,90.03,69.17,74.52,72.32,25.17,60.98,48.31,47.26,5,9,11.61,14.5,47.95,66.7,97.03,100,0.52,97.7,6.17,0.56,6.2,1,3,3,27.4,94.84,99.24,108.29,0.76,176.59,69.62,59.72,18.71,219.8,3.34,66.44,54.58,81.69,364.4,3,3,0.785789474,40,0.75,1,0.04,50.5,46,0.8,0.574888889,7.5,2,0.88,0.46,9.61,0.066976744,13,0.17,9,94.84,100,0.24,100,364.4,5,3,High income
Senegal,84.27,55.06,48.84,70.41,66.24,68.44,56.27,56.65,74.75,54.64,56.68,7.46,10,63,315.11,47.2,353.34,53.14,67.33,47.59,0.5,56.5,3.17,140.87,7.9,3,2,2.5,27.2,55.62,73.31,49.65,0.98,99.95,21.69,27.99,16.79,515,14.16,85.85,0.5,93.36,726.07,32,15,0.8,40,0.74,4,0.25,43.9,45,0.82,0.01,6.6,4,0.84,0.1,3.11,0.45,0,0,63,55.62,49.65,0.02,99.95,726.07,0,0,Low income
Serbia,99.04,96.68,76.52,81.8,98.2,80.25,63.44,58.52,69.43,53.29,48.87,54.87,5,8,16.85,6.7,11.85,93.89,98.91,96.43,0.48,100,4.81,36.33,1.3,2,3,1.5,7.7,98,99.21,96.67,1.01,120.52,65.32,27.6,19.75,435.8,15.02,50.09,6.41,61.46,624.24,29,14,0.67,50,0.58,3,0.05,34.8,42,0.56,0.21,7.8,3,0.87,0.54,13,0.08,2,0.41,8,98,96.67,0.01,100,624.24,2,4,Upper middle income
Seychelles,98.78702128,95.79,85.8374,84.57826087,92.54,77.18,67.21,81.07979592,79.074,76.98408163,66.55276596,65.348125,5.125454545,11.43636364,14.13192308,13.6,100.29,93.74,95.73,98.4,0.5088,100,4.79,1.5,2.1,1.670212766,2.553191489,1.489361702,8.6,95.32,99.36,81.6,1.07,158.12,58.12,30.6,19.53,418.7,8.44,34.59,64.73425926,80.99,680.28,28,12,0.785789474,50,0.805294118,4,0.034081633,75.61730769,55,0.651,0.574888889,4.5,4,0.8948,0.883846154,11.6,0.066976744,0,0,11.61818182,95.32,81.6,0.07,100,680.28,0,0,High income
Sierra Leone,54.89,21.87,23.34,73.85,71.16,58.91,49.64,54.8,56.83,44.67,50.43,4.82,22.3,160,1359.67,120.4,593.29,5.36,47.82,13.26,0.29,14.2,2.2,210.76,1.9,3,2,2,27.3,48.43,99.8,43.25,0.86,89.53,2.5,29.94,12.99,569.7,10.89,71.76,0,75.46,753.01,28,12,0.66,10,0.67,4,0.31,37.8,30,0.71,0.06,5.9,4,0.66,0.09,2.58,0.5,0,0,160,48.43,43.25,0.14,89.53,753.01,0,0,Low income
Singapore,98.78702128,100,94.28,93.9,85.93,75.07,83.78,87.11,60.85,83.23,69.53,70.62,5.125454545,11.43636364,9.98,2.7,83.46,100,97.95269841,100,0.75,100,6.81,0,0.3,1,2,1,3.6,96.77,79.06,85.53,0.97,146.53,82.1,52.96,25.48,209.2,9.06,32.45,100,72.26,141.59,19,9,0.54,90,0.86,2,0,75.1,84,0.66,0.25,2.8,4,0.92,1.73,13.83,0.066976744,5,0.26,11.61818182,96.77,85.53,0.03,100,141.59,3,4,High income
Sint Maarten (Dutch part),98.78702128,96.4240625,85.8374,84.57826087,96.47425926,85.59214286,76.20092593,81.07979592,79.074,76.98408163,66.55276596,65.348125,5.125454545,11.43636364,14.13192308,6.320689655,32.42934426,93.96650794,97.95269841,96.83621212,0.5088,95.8484,6.023333333,1.558852459,4.643835616,1.670212766,2.553191489,1.489361702,8.170344828,97.36388889,96.93701754,106.1520968,1.007868852,132.106338,78.7539726,23.46236364,22.82844828,281.2,11.40114754,28.9457377,64.73425926,85.33777778,390.9864815,33.28333333,13.82258065,0.785789474,69.81818182,0.805294118,3.387096774,0.034081633,75.61730769,64.65454545,0.651,0.574888889,4.598113208,3.419354839,0.8948,0.883846154,13.71163636,0.066976744,17.06329114,0.23987013,11.61818182,97.19527778,96.92709677,0.047868852,98.23126761,390.9864815,2.987341772,2.666666667,High income
Slovak Republic,98.95,99.02,86.09,88.84,96.4,88.99,69.79,80.31,78.48,68.67,50.02,57.04,5,8,5.64,7.3,26.89,97.79,100,98.82,0.53,100,6.01,3.32,1.1,2,2,1,6.6,97.36388889,96.93701754,91.92,1.01,122.31,77.63,13.26,20.71,370.3,10.21,46.3,54.69,100,292.62,36,15,0.785789474,50,0.64,3,0.01,75.3,51,0.23,0.26,6.5,4,0.92,0.63,13.98,0.02,2,0.2,8,97.19527778,91.92,0.01,100,292.62,2,3,High income
Slovenia,99.41,99.15,84.84,92.81,99.36,84.35,76.31,84.15,79.87,80.85,63.76,67,5,8,8.6,2.6,20.25,98.97,99.4,99.11,0.41,100,6.33,5.28,0.7,1,2,1,6.4,99.71,98.79,110.67,1,113.22,73.1,22.26,23.63,240,14.87,25.85,59.78,100,311.15,39,14,0.76,60,0.9,4,0.01,78,61,0.38,0.46,4.2,4,0.93,0.79,14.19,0.03,2,0.66,8,99,100,0,100,311.15,2,6,High income
Solomon Islands,90.44,46.59,60.13487179,63.07775,81.6875,61.50731707,37.32,55.78,49.67641026,56.89425,43.62184211,27.78487805,11.3,70,114,28.1,140.68,26.15,77.18,29.79,0.506756757,22.81,3.682,149.38,3.8,3.182926829,3.414634146,3.036585366,19.2,80.91642857,80.74,48.44,0.94,72.66,10,39.62595238,17.04,1091.9,18.1,39.07,0,39.97,567.33,27,14,0.574285714,30,0.721794872,4,0.158717949,53.6,42,0.528461538,0.161621622,6.5,4,0.75974359,0.339375,7.85,0.23,0,0,70,80.83880952,48.44,0.06,72.66,567.33,0,0,Lower middle income
Somalia,70.50777778,10.99,35.4775,40.6,63.53806452,32.16,50.35,50.31466667,44.1837931,50.25,43.18428571,12.05137931,24.64074074,185.5555556,731.88,136.8,756.48,20.37,8.79,23.54,0.58,32.71,2.444782609,220.98,5.6,5,5,5,25.4,59.370625,81.43034483,7.35,0.46,52.47,1.76,65.35,16.34,720.8,12.32,75.96,0.187666667,20.91,1167.355667,0,3,0.593333333,23.38709677,0.91,3,0.22,45.3,10,0.55,0.109615385,9.4,2,0.59,0.089090909,1.98,0.44,0,0,185.5555556,59.315,7.35,0.54,52.47,809.3306667,0,0,Low income
South Africa,88.64,73.02,62.82,45.43,86.32,78.83,53.39,60.6,74.71,72.94,60.7,49.65,5,13,138.05,40.5,484.35,72.7,81.4,66.39,0.37,85.4,3.01,38.57,33,5,4,3,25.1,94.6,94.47297872,91.96,1.2,164.51,51.92,21.92,16.55,574.3,15.38,73.88,32.49,75.06,714.22,33,15,0.72,50,0.76,4,0.03,82.9,45,0.64,0.53,6.3,3,0.87,0.11,11.48,0.16,13,0.42,13,94.6,91.96,0.2,100,714.22,5,4,Upper middle income
South Sudan,70.50777778,23.02,35.4775,59.12967742,16.48,48.16375,54.73,50.31466667,44.1837931,46.10566667,29.33,12.05137931,24.64074074,185.5555556,789.21,92.6,698.96,1.8,56.87,6.72,0.19,5.06,2.444782609,183.17,13.9,5,5,5,26.4483871,31.98,30.26,9.52,0.54,67.2521875,9.2084375,44.87,16.53,596.4,11.7,86.2,0.187666667,69.881875,1167.355667,-2,4,0.593333333,23.38709677,0.42,3,0.26516129,14,11,0.59,0.05,9.9,3,0.53,0.089090909,1.19,0.4,0,0,185.5555556,31.98,9.52,0.46,64.8315625,809.3306667,0,0,Low income
Spain,99.37,99.95,86.43,83.37,99.55,86.74,84.92,92.7,84.67,75.36,77.99,72.51,5,8,4.99,4.1,16.58,100,100,99.85,0.48,100,6.21,0,0.7,2,3,1.5,3.7,98.11,99.7,129.81,1,108.2,78.69,19.92,25.21,206.7,6.27,13.86,94.52,96.73,226.94,38,15,0.81,70,0.76,3,0.01,80.3,58,0.81,0.83,5.9,4,0.94,0.96,13.5,0.05,38,0.42,8,98.11,100,0,100,226.94,8,4,High income
Sri Lanka,87.19,78.05,71.29,68.68,95.47,64.22,62.15,69.15,53.6,66.21,34.11,43.76,22,192,30.29,9.8,39.76,33.59,94.95,95.11,0.49,88.66,4.41,45.13,2.9,2,3,4,17.4,92.61,97.33,99.72,1.05,110.59,29.99,44.96,20.65,290.6,28.05,41.86,0,81.98,214.31,24,9,0.57,40,0.87,2,0.09,71.3,36,0.55,0.03,9.2,1,0.86,0.52,11.6,0.13,1,0.05,192,92.61,99.72,0.05,100,214.31,1,2,Lower middle income
St. Kitts and Nevis,98.78702128,92.84,85.8374,84.57826087,96.47425926,85.59214286,76.20092593,81.07979592,79.074,76.98408163,66.55276596,65.348125,5.125454545,11.43636364,14.13192308,10.5,32.42934426,91.7,98.3,87.27,0.5088,90.88,6.023333333,1.558852459,33.6,1.670212766,2.553191489,1.489361702,17.2,97.36388889,83.89,90.39,1.05,131.84,75.7,23.46236364,18.82,281.2,11.40114754,28.9457377,64.73425926,85.33777778,315.02,36,15,0.74,69.81818182,0.805294118,4,0.034081633,75.61730769,64.65454545,0.651,0.574888889,4.598113208,4,0.8948,0.883846154,13.71163636,0.066976744,0,0,11.61818182,97.19527778,90.39,0.05,100,315.02,0,0,High income
St. Lucia,94.30555556,91.5,74.66829268,64.90926829,91.84930233,69.16829787,71.97,63.09666667,82.87,60.9365,49.3155,41.95813953,7.922222222,45.17777778,47.82,14.3,57.96,87.5,95.61,90.54,0.441219512,90.88,4.323421053,7.54,21.6,3.05952381,3.476190476,2.80952381,18.1,94.1487234,94.84,85.14,0.99,101.52,52.35,38.39583333,21.28,398.2,6.63,30.6,15.71978261,71.5248,615.64,39,15,0.74,70,0.7255,4,0.106,74.3,60,0.54195122,0.241081081,6.579166667,4,0.82195122,0.491081081,11.94,0.09,0,0,45.35555556,94.02212766,85.14,0.01,100,615.64,0,0,Upper middle income
St. Martin (French part),98.78702128,96.4240625,85.8374,84.57826087,96.47425926,85.59214286,76.20092593,81.07979592,79.074,76.98408163,66.55276596,65.348125,5.125454545,11.43636364,14.13192308,6.320689655,32.42934426,93.96650794,97.95269841,96.83621212,0.5088,90.88,6.023333333,1.558852459,4.643835616,1.670212766,2.553191489,1.489361702,8.170344828,97.36388889,96.93701754,106.1520968,1.007868852,132.106338,78.7539726,23.46236364,22.82844828,281.2,11.40114754,28.9457377,64.73425926,85.33777778,390.9864815,33.28333333,13.82258065,0.785789474,69.81818182,0.805294118,3.387096774,0.034081633,75.61730769,64.65454545,0.651,0.574888889,4.598113208,3.419354839,0.8948,0.883846154,13.71163636,0.066976744,0,0,11.61818182,97.19527778,96.92709677,0.047868852,98.23126761,390.9864815,0,0,High income
St. Vincent and the Grenadines,95.31,84.8,74.66829268,64.90926829,91.84930233,69.16829787,64.78,63.09666667,82.16,60.9365,49.3155,41.95813953,6.2,45,44.75,18.3,74.95,80.92,95.06,76.14,0.441219512,75.91,4.323421053,7.91,25.6,3.05952381,3.476190476,2.80952381,8.2,94.1487234,99.85,106.44,0.97,103.65,51.77,38.39583333,20.07,535.3,8.3,40.7,15.71978261,71.5248,308.51,37,15,0.75,70,0.7255,4,0.106,79.3,60,0.54195122,0.241081081,6.579166667,4,0.82195122,0.491081081,11.15,0.162926829,0,0,45,94.02212766,100,0.03,100,308.51,0,0,Upper middle income
Sudan,77.11,31.48,41.7,49.25,55.82,42.43,60.04,36.31,49.67641026,27.78,28.38,12.38,24.3,176,310.85,70.1,119.89,24.33,50.18,23.64,0.25,32.56,3.682,104.59,6.5,4,4,5,24.3,58.6,54.75,42.7,0.95,70.53,26.61,72.53,17.84,588.8,6.8,110.69,0,42.8,1127.11,2,2,0.574285714,29.44444444,0.27,2,0.24,32.2,14,0.3,0.07,9.8,2,0.79,0.14,5.67,0.43,0,0,176,58.6,42.7,0.05,70.53,1127.11,0,0,Lower middle income
Suriname,92.68,78.59,72.38,64.90926829,83.22,78.38,57.89,68.87,70.19,68.87,58.71,31.28,8,56,155.16,21.3,82.56,65.8,88.42,79.22,0.44,100,3.45,11.12,9.5,3.05952381,3.476190476,2.80952381,19.1,95.54,94.79,81.14,1.27,136.83,42.76,16.7,19.35,420.6,24.54,40.93,15.71978261,81.12,440.9,34,15,0.7,30,0.87,4,0.106,72,45,0.67,0.36,5.8,4,0.75,0.491081081,10.14,0.19,0,0,56,95.54,81.14,0.27,100,440.9,0,0,Upper middle income
Swaziland,66.53,54.67,45.58,66.04,80.84,52.05,32.74,53.48,33.21,65.38,57.56,23.56,26.8,192,389.05,60.7,887.48,37.28,68.86,57.47,0.506756757,42,3.97,183.78,17.4,2.5,3,2.5,24.2,87.47,79.74,66.03,0.99,73.2,30.38,52.37,15.97,939.5,31.1,95.62,3.7,52.93,340.98,1,7,0.574285714,40,0.61,4,0.07,79,43,0.55,0.18,3.4,3,0.84,0.08,10,0.27,0,0,192,87.47,66.03,0.01,73.2,340.98,0,0,Lower middle income
Sweden,99.46,99.78,88.19,94.02,95.04,92.8,80.95,92.81,93.51,87.15,78.8,73.36,5,8,4.05,3,18.05,100,100,99.31,0.45,100,6.78,0,0.9,1,2,1,2.8,97.36388889,99.94,132.91,1.14,130.38,90.61,12.33,24.63,199.1,11.95,11.02,93.2,88.76,130.32,40,16,0.87,90,0.91,3,0.01,77.2,88,0.8,0.79,1.7,2,0.91,0.94,15.12,0.03,22,0.42,8,97.19527778,100,0.14,100,130.32,7,4,High income
Switzerland,99.42,99.96,91.38,93.96,98.77,92.19,83.05,92.99,90.74,89.02,75.17,74.57,5,8,5.19,3.9,13.1,100,100,99.88,0.59,100,6.89,0,0.5,1,2,1,3.3,97.36388889,99.8,99.77,0.97,136.47,87.48,11.76,25.54,180.4,12.12,15.55,95.16,90.43,116.29,39,15,0.785789474,90,0.93,3,0.01,85.7,86,0.7,0.78,3.8,3,0.93,1.1,14.42,0.06,20,0.46,8,97.19527778,99.77,0.03,100,116.29,6,5,High income
Syrian Arab Republic,70.50777778,36.54181818,35.4775,59.12967742,63.53806452,48.16375,54.68060606,50.31466667,44.1837931,46.10566667,43.18428571,12.05137931,24.64074074,185.5555556,513.1827273,77.03030303,438.9284848,17.33909091,59.89272727,31.11090909,0.43,30.51818182,2.444782609,164.7842424,6.83030303,5,5,5,26.4483871,59.370625,81.43034483,42.2509375,0.810645161,67.2521875,9.2084375,81.35,16.37484848,578.6484848,12.25424242,91.62515152,0.187666667,31.17,1167.355667,-3,2,0.593333333,10,0.653793103,3.3125,0.26516129,57.3,13,0.61,0.109615385,10,3.25,0.664482759,0.089090909,4.349090909,0.376,0,0,185.5555556,59.315,42.2509375,0.205483871,64.8315625,809.3306667,0,0,Low income
"Taiwan, China",98.78702128,96.4240625,85.8374,84.57826087,96.47425926,84.87,76.20092593,81.07979592,79.074,76.98408163,66.55276596,65.348125,5.125454545,11.43636364,14.13192308,6.320689655,39.86,93.96650794,97.95269841,96.83621212,0.56,95.8484,5.98,0,3,2,2,1.5,8.170344828,97.36388889,96.93701754,106.1520968,1.007868852,127.3,78.04,24.37,22.82844828,281.1,13.47,34.33,7.08,76.61,390.9864815,37,16,0.785789474,70,0.69,4,0.034081633,75.61730769,61,0.77,0.45,4.598113208,4,0.87,1.09,14.04,0.066976744,36,0.23987013,11.61818182,97.19527778,96.92709677,0.047868852,100,390.9864815,8,2.666666667,High income
Tajikistan,78.36,67.83,72.92,68.52,93.58,58.74,65.89,53.68,16.35,48.02,46.83,35.78,33.2,250,31.98,44.8,75.07,44.77,66.72,95.03,0.68,100,3.68,60.59,1.4,3,3,3,18.8,99.78,99.3,87.89,0.9,98.59,18.98,50.34,18.4,460.3,4.95,105.26,2.25,74.2,489.26,1,2,0.593333333,20,0.57,1,0.13,55.5,25,0.4,0.109615385,7.6,4,0.83,0.26,11.78,0.07,0,0,250,99,87.89,0.1,98.59,489.26,0,0,Low income
Tanzania,69.96,23.51,34.52,61.8,68.75,55.34,59.09,62.21,50.86,55.35,43.03,18.13,32.1,238,398.13,48.7,425.59,12.59,45.55,15.55,0.32,15.3,2.94,141.08,7.9,3,3,3,32.9,80.36,78.05,32.26,0.91,75.86,5.36,28.65,16.37,451.2,11.14,58.97,1.44,94.34,665.78,25,9,0.56,25,0.77,3,0.2,54.9,32,0.51,0.09,5.4,3,0.64,0.03,7.06,0.28,0,0,238,80.36,32.26,0.09,75.86,665.78,0,0,Low income
Thailand,94.99,85.01,86.76,61.73,94.86,66.87,67.31,67.45,37.3,72.02,37.51,50.3,7.4,53,20.29,12.3,121.24,56.57,97.99,92.97,0.88,100,5.06,23.39,3.9,3,3,3,36.2,93.98,95.89,129,0.94,152.73,39.32,44.53,21.05,369.2,15.83,51.37,11.52,86.08,409.54,7,6,0.48,40,0.91,3,0.11,90.6,35,0.23,0.32,9,2,0.9,0.54,10.09,0.16,12,0.14,53,93.98,100,0.06,100,409.54,5,3,Upper middle income
Timor-Leste,78.66,41.97,48.42,63.84,83.12,64.72,63.37,55.00775,58.99,57.37,43.62184211,15.66,26.9,184,214.64,52.6,137.13,24.92,60.52,40.63,0.506756757,41.56,3.05,86.98,3.7,4,4,2,16.6,64.07,97.92,76.76,1.07,117.4,13.4,32.02,17.08,365.2,10.33,46.86,3.548205128,71.39,617,29,12,0.574285714,20,0.721794872,4,0.08,48.7,35,0.528461538,0.161621622,6.7,3,0.75974359,0.339375,6.92,0.48,0,0,184,64.07,76.76,0.07,100,612.0821429,0,0,Lower middle income
Togo,78.44,19.68,31.84,67.65,64.63,52.3,53.77,52.73,46.98,51.37,47.65,11.49,11.4,75,368.24,78.4,480.92,5.47,44.21,11.62,0.41,31.46,2.444782609,181.33,9.2,3,3,1.5,31.1,66.54,97.46,54.71,0.53,67.71,7.12,30.31,15.55,524.2,14.16,87.73,0,71.34,668.99,18,9,0.593333333,30,0.72,4,0.16,34.3,32,0.69,0.07,4.8,4,0.5,0.13,4.19,0.39,0,0,75,66.54,54.71,0.47,67.71,668.99,0,0,Low income
Tonga,94.30555556,91.01,74.66829268,64.90926829,94.08,66.34,61.81,63.09666667,53.034,60.9365,49.3155,41.95813953,7.922222222,45.17777778,123.95,16.7,87.35,78.24,99.61,91.02,0.441219512,95.86,4.323421053,43.42,0.1,3.05952381,3.476190476,2.80952381,7.6,99.4,98.61,90.1,1.09,69.09,45,21.24,18.83,582.5,7.14,8.35,15.71978261,79.33,729.97,30,12,0.588857143,25,0.7255,4,0.106,48.3,38.75510204,0.54195122,0.241081081,6.579166667,4,0.82195122,0.21,12.18,0.162926829,0,0,45.35555556,99,90.1,0.09,69.09,729.97,0,0,Upper middle income
Trinidad and Tobago,94.5,90.52,78.94,54.93,96.47425926,82.92,59.17,59.42,75.4,67.61,65.13,39.55,7.4,55,62.72,20.4,51.11,83.52,95.14,91.52,0.34,99.83,5.17,0.86,25.9,5,4,2,14.1,98.97,98.73,106.1520968,1.007868852,157.67,69.2,23.29,18.28,512.9,13.86,37.67,5,88.51,1030.21,33,15,0.74,50,0.83,4,0.03,64.4,35,0.68,0.27,4.4,4,0.88,0.39,13.28,0.07,0,0,55,98.97,96.92709677,0.047868852,100,1030.21,0,0,High income
Tunisia,97.54,89.22,77.51,71.73,91.41,74.24,72.72,70.68,71.74,62.6,36.92,36.71,5,3,62.02,14,34.86,82.01,93.2,91.59,0.29,100,5.06,0.41,3.1,2,3,2.5,24.4,81.05,99.68,88.2,1.05,129.91,48.52,31.6,19.66,305.2,5.05,47.86,44.1,61.04,275.8,36,13,0.74,40,0.6,2,0.02,73,41,0.61,0.04,7.9,2,0.7,0.52,9.1,0.35,2,0.19,8,81.05,88.2,0.05,100,275.8,2,3,Lower middle income
Turkey,98.38,98.34,79.31,64.61,94.9,66.94,76.77,61.18,35.69,56.13,41.5,50.43,5,1,15.95,13.5,16.59,100,100,94.87,0.54,100,4.4,2.48,4.3,3,4,3.5,8.9,95.69,93.18,100.28,0.97,96.02,53.74,50.76,21.12,275.8,4.05,41.62,31.55,22.53,314.11,18,6,0.26,40,0.62,1,0.1,60.4,41,0.56,0.23,9.5,2,0.87,0.36,8.76,0.14,21,0.11,8,95.69,100,0.03,96.02,314.11,7,3,Upper middle income
Turkmenistan,93.65,44.74,77.81,68.23,93.86,45.57,56.56,35.32,9.49,58.37,59.56,41.95813953,5,22,42.02,51.4,58.46,53.59,34.6,62.69,0.32,100,4.323421053,1.02,4.3,3,3,3,17.4,99.69,94.47297872,85.34,0.96,145.94,15,83.44,16.66,597.6,8.76,100.43,9.8,49.93,1680.56,0,1,0.588857143,5,0.69,1,0.05,75.4,22,0.72,0.241081081,6.8,4,0.91,0.491081081,14.01,0.162926829,0,0,22,99,85.34,0.04,100,1500,0,0,Upper middle income
Turks and Caicos Islands,98.78702128,68.45,85.8374,84.57826087,96.47425926,85.59214286,76.20092593,81.07979592,79.074,76.98408163,66.55276596,65.348125,5.125454545,11.43636364,14.13192308,6.320689655,32.42934426,28.2,87.03,81.4,0.5088,90.88,6.023333333,1.558852459,6.6,1.670212766,2.553191489,1.489361702,8.170344828,97.36388889,96.93701754,106.1520968,1.007868852,132.106338,78.7539726,23.46236364,22.82844828,281.2,11.40114754,28.9457377,64.73425926,85.33777778,390.9864815,33.28333333,13.82258065,0.785789474,69.81818182,0.805294118,3.387096774,0.034081633,75.61730769,64.65454545,0.651,0.574888889,4.598113208,3.419354839,0.8948,0.883846154,13.71163636,0.066976744,0,0,11.61818182,97.19527778,96.92709677,0.047868852,98.23126761,390.9864815,0,0,High income
Tuvalu,94.30555556,92.36,74.66829268,64.90926829,91.84930233,69.16829787,65.31884615,63.09666667,53.034,60.9365,49.3155,41.95813953,7.922222222,45.17777778,68.1994,27.1,93.5,96.85,97.03,83.31,0.441219512,44.56,4.323421053,22.67207547,20.3,3.05952381,3.476190476,2.80952381,17.95882353,94.1487234,98.89,86.16,1.28,40.34,42.7,38.39583333,16.24,451.4403846,10.78226415,51.1509434,15.71978261,71.5248,583.6268627,37,16,0.588857143,34.3,0.7255,3,0.106,64.16078431,38.75510204,0.54195122,0.241081081,6.579166667,3,0.82195122,0.491081081,11.14692308,0.1,0,0,45.35555556,94.02212766,86.16,0.28,40.34,533.1368627,0,0,Upper middle income
Uganda,73.94,36.78,36.58,62.68,68,48.55,54.92,57.21,41.77,47.99,36.93,29.77,25.5,172,343.13,54.6,449.79,5.02,75.84,19.08,0.39,18.16,3.37,158.84,11.8,3,3,3,27.4,73.81,84.49,26.1,0.89,50.37,19.22,32.58,17.32,560.1,15.87,102.25,0.42,93.61,523.17,11,9,0.51,25,0.73,2,0.23,46.9,25,0.41,0.33,9,2,0.75,0.08,6.16,0.29,1,0.27,172,73.81,26.1,0.11,50.37,523.17,1,4,Low income
Ukraine,98.47,89.12,74.74,57.32,97.52,73.84,52.73,50.37,62.99,53.56,40.52,69.07,5,8,24.45,9,34.16,68.56,97.78,95.94,0.34,100,4.35,7.09,4.4,4,4,4,13.5,99.76,96.52,99.24,0.98,144.02,48.88,32.93,18.34,595.3,21.2,75.94,14.13,65.58,1027.45,25,11,0.84,25,0.46,3,0.07,68.6,29,0.37,0.12,6.9,2,0.86,1.5,14.69,0.04,8,0.06,8,99,99.24,0.02,100,1027.45,4,2,Lower middle income
United Arab Emirates,98.38,93.44,90.35,80.92,96.47425926,83.69,69.92,75.87,31.01,75.25,62.75,55.47,5,18,6.1,6.8,49.74,78.74,99.99,97.56,0.6,97.7,6.7,0.02,0.7,1,3,2.5,10.9,92.99,99.51,106.1520968,1.007868852,187.35,91.24,36.73,20.09,444.3,4.02,84.7,87.14,89.41,411.81,7,4,0.28,55,0.94,3,0.07,58.5,66,0.91,0.574888889,3.6,3,0.85,0.43,13.18,0.066976744,6,0.21,18,92.99,96.92709677,0.047868852,100,411.81,3,4,High income
United Kingdom,99.11,99.74,87.53,85.45,98.46,89.61,81.16,91.88,90.76,87.31,69.49,84.26,5,8,9.11,4.2,33.32,100,100,99.21,0.44,100,6.67,0,0.9,2,3,1,2.9,97.36388889,99.85,127.81,1.04,124.13,92,21.7,24.08,243.6,7.41,22.8,96.34,98.98,237.8,40,14,0.88,90,0.81,4,0,92.2,81,0.8,0.76,5.9,2,0.95,0.96,14.9,0.03,147,0.62,8,97.19527778,100,0.04,100,237.8,10,6,High income
United States,98.96,98.77,89.18,86.76,97.95,84.63,75.88,78.31,88.98,79.88,68.3,89.55,5,8,13.75,6.5,23.33,98.64,98.16,99.99,0.57,100,6.47,0,3.9,1,2,2,10.6,97.36388889,98.04,97.56,1.02,117.59,74.45,22.49,23.61,299.4,12.41,18.48,50.44,79.35,392.7,36,16,0.86,80,0.75,3,0.03,85.1,74,0.79,0.71,5.1,2,0.9,1.86,15.06,0.05,329,0.21,8,97.19527778,97.56,0.02,100,392.7,10,4,High income
Uruguay,97.86,95.8,81.21,74.02,92.49,84.52,67.92,61.09,89.54,81.29,80.18,55.17,5,24,14.81,10.1,42.98,99.35,93.86,96.44,0.3,99.5,5.9,0.74,7.8,2,4,1,16.6,98.44,94.61,95.07,1.11,160.21,64.6,15.88,22.05,375.1,17.63,26.61,2.15,54.32,558.3,40,16,0.88,70,0.88,4,0.11,87.1,71,0.73,0.74,2.7,4,0.9,0.28,12.08,0.09,2,0.73,24,98.44,95.07,0.11,100,558.3,2,6,High income
Uzbekistan,94.76,76.79,88.08,70.7,98.04,52.06,60.06,35.22,5.31,68,55.78,39.39,5,29,35.93,39.1,46.44,47.37,80.91,100,0.85,100,3.682,28.4,3.2,3,3,3,11.2,100,98.88,95.92,0.98,73.32,42.8,61.15,18.38,552.4,10.46,98.27,0,56.18,1706.55,0,0,0.06,15,0.98,1,0.05,82.3,21,0.72,0.161621622,7.3,3,0.94,0.339375,12.97,0.01,0,0,29,99,95.92,0.02,73.32,1500,0,0,Lower middle income
Vanuatu,93.4,65.39,60.13487179,63.07775,81.6875,61.50731707,42.56,55.00775,49.67641026,56.89425,43.62184211,27.78487805,6.4,41,78.41,27.5,134.95,34.71,92.92,57.95,0.506756757,27.08,3.682,129.56,2.9,3.182926829,3.414634146,3.036585366,16.6,85.06,90.90444444,54,1.05,66.25,22.35,39.62595238,18.21,977.9,18.59,48.52,3.548205128,50.35,1011.51,32,15,0.574285714,40,0.721794872,4,0.158717949,58.2,33.8372093,0.528461538,0.161621622,7.06744186,4,0.75974359,0.339375,8.94,0.17,0,0,41,85.06,54,0.05,66.25,1011.51,0,0,Lower middle income
"Venezuela, RB",94.30555556,83.56358491,74.66829268,64.90926829,91.84930233,69.16829787,65.31884615,63.09666667,30.5,60.9365,49.3155,41.95813953,7.922222222,45.17777778,68.1994,20.63773585,93.5,77.25259259,89.33358491,83.45327273,0.17,91.47685185,1.8,22.67207547,9.451851852,5,5,3.5,17.95882353,94.1487234,94.47297872,90.56428571,1.036938776,111.5762963,48.57055556,44.77,19.76388889,451.4403846,10.78226415,51.1509434,15.71978261,95.73,583.6268627,11,8,0.35,5,0.44,3,0.106,77.8,17,0.63,0.47,7.4,3.185185185,0.9,0.491081081,11.14692308,0.162926829,5,0.06,45.35555556,94.02212766,88.7244898,0.065102041,90.70759259,533.1368627,3,2,Upper middle income
Vietnam,92.29,71.68,76.29,75.03,81.6875,59.12,73.79,61.19,23.71,66.09,49.75,28.08,11,83,54.11,21.7,69.56,27.23,96.86,77.99,0.59,99,4.37,37.41,1.5,2,2,3,24.5,94.51,99.87,69.95651163,0.985581395,130.64,52.72,74.27,22.53,375.5,8.61,54.66,0.15,82.37,605.85,3,4,0.39,15,0.85,2,0.1,78.2,33,0.45,0.2,6.2,3,0.87,0.22,9.65,0.18,0,0,83,94.51,69.87093023,0.095348837,100,605.85,0,0,Lower middle income
Virgin Islands (U.S.),98.78702128,84.99,85.8374,84.57826087,96.47425926,85.59214286,76.20092593,81.07979592,79.074,76.98408163,66.55276596,65.348125,5.125454545,11.43636364,14.13192308,6.320689655,36.5,48.94,100,96.4,0.5088,90.88,6.023333333,0.53,52.6,1.670212766,2.553191489,1.489361702,8.170344828,97.36388889,96.93701754,106.1520968,1.007868852,132.106338,54.84,23.46236364,22.82844828,281.2,6.86,37.12,64.73425926,85.33777778,390.9864815,33.28333333,13.82258065,0.785789474,69.81818182,0.805294118,3.387096774,0.034081633,78.8,64.65454545,0.651,0.574888889,4.598113208,3.419354839,0.8948,0.883846154,13.71163636,0.066976744,0,0,11.61818182,97.19527778,96.92709677,0.047868852,98.23126761,390.9864815,0,0,High income
West Bank and Gaza,84.93428571,76.99,79.2,71.52,89.09,64.41,67.76,55.00775,49.67641026,60.54,32.03,34.5,13.66428571,94.23809524,45.5,21.1,37.78,56.24,81.49,92.33,0.39,97.7,3.682,2.33,0.6,3,3,3.5,5.6,96.67,92.69,83,1.1,77.62,57.42,42.93,17.94777778,463.3,2.78,58.7,3.548205128,68.92863636,617,4,6,0.574285714,29.44444444,0.6,3,0.06,63.2,33.8372093,0.47,0.06,7.06744186,1,0.82,0.339375,11.08,0.16,0,0,94.35714286,96.67,83,0.1,77.62,612.0821429,0,0,Lower middle income
"Yemen, Rep.",78.31,43.73,45.72,49.22,64.66,43.2,53.42,46.85,26.64,41.2,23.28,5.31,26.1,182,385.16,41.9,94.74,40.44,46.53,53.33,0.51,48.41,1.22,71.1,6.7,3,5,5,21.5,69.96,85.69,48.62,0.69,67.98,25.1,67.07,16.36,715.4,7.15,127.96,0,47.95,332.27,2,5,0.593333333,30,0.5,2,0.17,49.7,14,0.29,0.109615385,9.5,1,0.77,0.11,2.35,0.48,0,0,182,69.96,48.62,0.31,67.98,332.27,0,0,Low income
Zambia,57.74,36.23,32.8,65.25,81.6875,56.58,47.08,54.89,49.63,60.36,48.54,21.69,47.8,405,224.24,64,666.31,15.75,51.34,43.87,0.49,22.06,2.51,187.19,5.8,3,3,3,24.7,85.12,89.04,69.95651163,0.985581395,74.47,21,35.08,17.69,725.1,22.32,89.23,4.2,97.06,895.08,23,10,0.48,30,0.79,3,0.19,65.9,38,0.56,0.09,5.4,3,0.76,0.04,7.75,0.22,0,0,405,85.12,69.87093023,0.095348837,74.47,895.08,0,0,Lower middle income
Zimbabwe,63.66,44.62,42.66,54.28,81.6,56.95,49.44,55.15,26.09,56.31,43.77,26.66,33.4,259,443.31,70.7,648.15,27.51,67.3,36.83,0.56,40.46,2.31,138.88,6.7,3,5,3,28.2,86.87,90.75,47.57,0.98,84.79,16.36,40.41,17.77,493,30.79,64.52,0,94.31,1050.12,12,8,0.17,10,0.73,3,0.26,85.1,22,0.57,0.08,7.5,3,0.77,0.03,10.2,0.17,0,0,259,86.87,47.57,0.02,84.79,1050.12,0,0,Low income
